,neu,NK,CD4,CD8,B,mono
0,0.2097936,0.26755872,0.04783521,0.13319868,0.15517655,0.18643719
1,0.026494246,0.2727008,0.23393038,0.2651436,0.027716536,0.17401446
2,0.117465265,0.13977155,0.1538538,0.38168472,0.026777104,0.18044756
3,0.12602673,0.1701168,0.23395135,0.18748853,0.033808555,0.24860804
4,0.24678715,0.31118137,0.076780096,0.08068296,0.18703093,0.097537525
5,0.13720912,0.20882827,0.26979518,0.26645735,0.06049131,0.05721879
6,0.1415249,0.20367908,0.17946808,0.2401069,0.06900539,0.16621566
7,0.21250425,0.14153107,0.1680522,0.19576208,0.11892964,0.16322078
8,0.019443516,0.14158519,0.21813218,0.5045071,0.08353445,0.032797545
9,0.19418977,0.14618038,0.20277554,0.092340335,0.15225428,0.2122596
10,0.015885275,0.32941774,0.15740213,0.18220314,0.19378363,0.12130808
11,0.025623286,0.29530168,0.0610516,0.4728409,0.09654393,0.04863857
12,0.8854453,0.024288166,0.044495933,0.01747538,0.011162099,0.017133247
13,0.062921084,0.12291902,0.35070324,0.06394902,0.09398332,0.30552426
14,0.12219358,0.20110162,0.11357521,0.22324121,0.04248668,0.29740173
15,0.12696931,0.24192591,0.12381709,0.06368465,0.12565503,0.31794804
16,0.2046923,0.09342323,0.3254588,0.09557628,0.03656181,0.24428762
17,0.11433438,0.09223846,0.17475359,0.1083748,0.19898583,0.31131297
18,0.2244947,0.13910666,0.21670786,0.2025942,0.055781614,0.161315
19,0.028840037,0.3285739,0.1771427,0.1828776,0.18758978,0.09497591
20,0.15122864,0.3780506,0.032807913,0.15530205,0.032106943,0.25050387
21,0.063490525,0.18299183,0.19166228,0.20286487,0.20639643,0.15259412
22,0.06371922,0.115532026,0.28570727,0.16291504,0.02311375,0.34901264
23,0.07407063,0.21151261,0.07307942,0.4375415,0.110326484,0.09346938
24,0.066005096,0.2030622,0.18426576,0.23201945,0.0808192,0.2338283
25,0.12204619,0.3245941,0.12620243,0.18779747,0.18512456,0.054235224
26,0.22768301,0.17951098,0.12013869,0.17594102,0.035567414,0.2611589
27,0.2040388,0.25278324,0.21115664,0.1437172,0.024200527,0.1641036
28,0.08856313,0.11617273,0.32462257,0.2270663,0.055698466,0.18787682
29,0.09814595,0.1936555,0.20219544,0.19284394,0.19248258,0.12067658
30,0.020191511,0.21200211,0.085208386,0.31488702,0.12764275,0.2400683
31,0.0793824,0.40607426,0.1899485,0.15816745,0.047139615,0.11928778
32,0.10150095,0.12539954,0.27653393,0.12801018,0.11356867,0.25498676
33,0.25435945,0.3455236,0.11375884,0.11659041,0.121399365,0.048368316
34,0.21158753,0.2786409,0.15990105,0.16164815,0.14436164,0.043860752
35,0.12970851,0.14350395,0.07550347,0.17837547,0.16609426,0.30681434
36,0.22726509,0.36880714,0.12903316,0.13701199,0.07691587,0.060966734
37,0.19671874,0.21342345,0.20856954,0.22831437,0.10248916,0.0504847
38,0.05740947,0.12091586,0.21420768,0.20310912,0.27631208,0.12804578
39,0.02081608,0.18914875,0.14340913,0.3045479,0.14019775,0.2018804
40,0.046878986,0.49104878,0.1001885,0.20228583,0.024532726,0.13506512
41,0.1384881,0.37196434,0.09269585,0.14933704,0.04998825,0.19752648
42,0.2764557,0.12025376,0.13385892,0.19973451,0.08420234,0.18549474
43,0.03695503,0.23415443,0.20041807,0.21254137,0.07973515,0.23619595
44,0.027618721,0.28146935,0.056846425,0.23379938,0.19991782,0.20034832
45,0.30715516,0.14387025,0.23819123,0.107714064,0.10879985,0.0942695
46,0.028146148,0.24800701,0.1731285,0.44666424,0.030938284,0.07311575
47,0.22990955,0.12416097,0.17038305,0.16104066,0.16280936,0.15169638
48,0.036984712,0.17377578,0.30235526,0.12109413,0.14201581,0.22377431
49,0.2817654,0.13295059,0.18185431,0.307763,0.03695048,0.058716193
50,0.2847669,0.18599685,0.29080635,0.09561521,0.045535315,0.09727931
51,0.13154745,0.23061042,0.16282661,0.14095086,0.2894776,0.044587035
52,0.03929459,0.13773541,0.25540575,0.20607002,0.14338566,0.21810856
53,0.09421988,0.11885778,0.37821987,0.19914638,0.11852688,0.09102919
54,0.044130806,0.120145924,0.25183696,0.25162116,0.15569355,0.17657161
55,0.2380626,0.23497847,0.04959291,0.12480857,0.30651715,0.0460403
56,0.18253753,0.20594408,0.12287165,0.21375294,0.045902733,0.22899112
57,0.04263628,0.28504154,0.19581707,0.13556424,0.17706794,0.16387294
58,0.06774886,0.36393088,0.046251833,0.41373575,0.056224126,0.052108616
59,0.22059417,0.28393748,0.038764127,0.06350966,0.16834337,0.22485115
60,0.20748638,0.33716887,0.14422701,0.15175207,0.04820119,0.11116446
61,0.18366131,0.1411269,0.17308459,0.09634935,0.18350442,0.22227347
62,0.09286944,0.24199666,0.19855754,0.101864465,0.023764051,0.34094784
63,0.114688486,0.11744431,0.11451717,0.18672486,0.11251029,0.35411483
64,0.21336628,0.24265173,0.123653725,0.21324423,0.16813947,0.038944606
65,0.017623972,0.11456902,0.3165787,0.19697683,0.11290108,0.24135044
66,0.03925842,0.11424996,0.32007784,0.13677162,0.15066542,0.23897678
67,0.19074562,0.26217145,0.047772467,0.07299593,0.16638729,0.2599272
68,0.06381635,0.14862897,0.2768593,0.19761606,0.07234919,0.24073006
69,0.021945175,0.20156261,0.23538104,0.22687027,0.11966682,0.19457406
70,0.09233934,0.20913026,0.11000258,0.250708,0.15962993,0.17818993
71,0.19197929,0.14793873,0.25191063,0.23181204,0.031647418,0.1447119
72,0.12736738,0.21625048,0.11184776,0.08575242,0.019302119,0.43947992
73,0.061801363,0.21192537,0.18983757,0.2095793,0.19388464,0.13297172
74,0.029370833,0.28995788,0.11522605,0.35505888,0.087336466,0.12304985
75,0.25972688,0.22904354,0.13974008,0.24265589,0.074126266,0.054707296
76,0.22381824,0.08900653,0.26577207,0.083363496,0.07385353,0.2641861
77,0.15904999,0.25376514,0.21892467,0.1907262,0.025892453,0.15164155
78,0.102846056,0.101505175,0.2987789,0.05985978,0.11326712,0.323743
79,0.17651196,0.20487979,0.2076151,0.094300956,0.08859648,0.22809565
80,0.05099307,0.17284116,0.096467204,0.38057554,0.2464573,0.05266574
81,0.016656794,0.15945795,0.45970052,0.22437969,0.026542582,0.11326239
82,0.09750393,0.14492264,0.27880952,0.21795186,0.10122436,0.15958767
83,0.3061392,0.32528135,0.05932441,0.09892568,0.07525591,0.13507344
84,0.18396829,0.22198415,0.08243614,0.063873105,0.21436067,0.23337767
85,0.41124332,0.10431454,0.17094798,0.18794538,0.05079531,0.07475343
86,0.03679039,0.0789366,0.1901828,0.17075326,0.054670434,0.46866652
87,0.03397736,0.14865682,0.13802855,0.52492386,0.12619637,0.028216993
88,0.055421352,0.2272522,0.19364658,0.2922797,0.14329167,0.08810853
89,0.04092781,0.28557056,0.17440838,0.27106166,0.03281303,0.19521855
90,0.022877274,0.24515735,0.17211466,0.3502865,0.036217038,0.17334728
91,0.28334078,0.15781492,0.11847919,0.18381858,0.16878282,0.08776365
92,0.0394439,0.15901777,0.18801548,0.24570322,0.248148,0.1196716
93,0.04827637,0.46924025,0.063642934,0.13926704,0.023698956,0.25587445
94,0.01597775,0.2697356,0.10932904,0.48743132,0.07167378,0.04585243
95,0.17829107,0.22105876,0.25538087,0.09018494,0.13934253,0.115741864
96,0.1665833,0.13894199,0.26861063,0.11354527,0.17253937,0.13977942
97,0.04940053,0.09159543,0.1919468,0.069512196,0.20980683,0.38773823
98,0.08579465,0.090231374,0.19488099,0.073807456,0.111798674,0.4434868
99,0.15660429,0.08476327,0.3637352,0.0936121,0.05647346,0.24481168
100,0.08058268,0.15807806,0.28289536,0.24935392,0.13605185,0.09303809
101,0.035093784,0.19556074,0.34762064,0.096528806,0.23605855,0.0891375
102,0.23393218,0.19595799,0.16745909,0.17637715,0.026076647,0.200197
103,0.27023327,0.33617237,0.039749645,0.113040894,0.10463153,0.1361723
104,0.22492291,0.09296297,0.1750686,0.13633268,0.17808211,0.19263075
105,0.056833196,0.0853025,0.56475455,0.13387468,0.036606837,0.12262823
106,0.2835156,0.2172468,0.04623938,0.050963596,0.102661505,0.2993731
107,0.19355127,0.1630127,0.08657345,0.24263255,0.17233934,0.14189069
108,0.3289755,0.111120746,0.15448904,0.22451466,0.13647981,0.044420205
109,0.08483203,0.10624242,0.28817892,0.056265865,0.39330104,0.0711797
110,0.05001335,0.10781187,0.23031561,0.20908877,0.168161,0.23460947
111,0.17821993,0.18653849,0.15146168,0.20755115,0.15806685,0.118161984
112,0.044333056,0.12443173,0.21989484,0.1877068,0.05646051,0.36717302
113,0.013344759,0.3428129,0.025273057,0.5668165,0.012814261,0.038938507
114,0.24940926,0.10429606,0.06585568,0.065634795,0.3008677,0.21393646
115,0.023088386,0.13157132,0.40088645,0.13333923,0.18819699,0.12291766
116,0.10199363,0.15704021,0.19628854,0.21032043,0.09008824,0.244269
117,0.26066163,0.14560851,0.17261155,0.050793465,0.14734502,0.22297989
118,0.08408503,0.1477669,0.13657095,0.19071391,0.05358584,0.38727733
119,0.15213285,0.21046007,0.14752325,0.21701488,0.074927956,0.19794093
120,0.315201,0.17556322,0.10831995,0.19040559,0.17054538,0.039964855
121,0.09479026,0.14402148,0.33603746,0.27789947,0.086211406,0.06103987
122,0.040744346,0.17059258,0.23980239,0.2602046,0.054642122,0.23401394
123,0.08174137,0.1125726,0.1300523,0.047222722,0.18519332,0.44321766
124,0.076084316,0.16906808,0.13363735,0.13927235,0.018991811,0.46294603
125,0.073904626,0.2315713,0.060109794,0.34050116,0.101601765,0.19231135
126,0.06437293,0.11335391,0.26491588,0.093536764,0.056529768,0.4072908
127,0.014662485,0.13206246,0.4149529,0.1913884,0.18038067,0.06655313
128,0.026612598,0.13345738,0.18442371,0.25848994,0.04537604,0.35164028
129,0.08147481,0.22814228,0.050481264,0.087827325,0.14882284,0.40325147
130,0.115077555,0.24773031,0.12349399,0.15777378,0.11123919,0.24468517
131,0.07568891,0.26029494,0.10128646,0.1953486,0.048788268,0.31859288
132,0.07369826,0.22477412,0.120535284,0.20530243,0.08177118,0.29391873
133,0.13303909,0.10255514,0.35603416,0.14546339,0.18765523,0.075253
134,0.12222861,0.25714815,0.07687073,0.2344957,0.13276166,0.17649515
135,0.04168653,0.19562778,0.13820714,0.2437726,0.06289953,0.31780642
136,0.041058216,0.16717085,0.20449083,0.14455944,0.21474646,0.22797415
137,0.1094966,0.10466864,0.27545783,0.1636348,0.101214394,0.24552776
138,0.38522327,0.2377172,0.08355282,0.066427894,0.1662012,0.060877625
139,0.27326274,0.15750086,0.1384658,0.15505593,0.035973426,0.23974122
140,0.09419869,0.369822,0.17082024,0.1500864,0.14029203,0.07478064
141,0.013951173,0.271272,0.31745616,0.15402658,0.17378381,0.069510296
142,0.4037017,0.2350255,0.03025377,0.07778427,0.20427702,0.048957735
143,0.020190828,0.25631788,0.1633548,0.15436527,0.105583146,0.30018806
144,0.2647675,0.0886723,0.3248662,0.07227085,0.052200593,0.19722252
145,0.06883439,0.31625953,0.041591726,0.19029947,0.039805178,0.34320968
146,0.23097481,0.26904064,0.06239583,0.07065289,0.28407052,0.0828654
147,0.05566329,0.41959575,0.06897348,0.20376152,0.19066691,0.061339073
148,0.017567605,0.38113654,0.17798261,0.20414633,0.13366552,0.08550137
149,0.03669043,0.102747545,0.3579654,0.19354506,0.22664137,0.08241018
150,0.1238217,0.21711698,0.14524195,0.32146025,0.14153202,0.050827183
151,0.01880778,0.15540145,0.15454143,0.44369942,0.18999937,0.037550587
152,0.15319645,0.12522684,0.2957265,0.19803572,0.10424915,0.1235653
153,0.02059849,0.16623536,0.18870716,0.39430717,0.15958239,0.07056945
154,0.027232746,0.17630555,0.29474777,0.24450918,0.15769275,0.09951203
155,0.274436,0.118225574,0.26054886,0.11978746,0.1409301,0.08607202
156,0.21654391,0.101265766,0.2900286,0.16112465,0.10169914,0.12933789
157,0.061096,0.16299352,0.3513981,0.197623,0.17428388,0.05260554
158,0.030780468,0.17697194,0.37833914,0.1050892,0.108584344,0.20023489
159,0.03080539,0.12986746,0.22106178,0.21794675,0.11578541,0.2845332
160,0.21632719,0.118549496,0.15091239,0.097765364,0.16771612,0.24872944
161,0.21080498,0.33707812,0.11381384,0.13554238,0.1407584,0.062002234
162,0.2758492,0.18409356,0.13264894,0.10201469,0.22699489,0.07839874
163,0.1039285,0.1345458,0.39252412,0.1640023,0.050192226,0.15480703
164,0.33407,0.11028447,0.08037248,0.078755006,0.19899361,0.19752446
165,0.016397987,0.26162833,0.09786497,0.3386082,0.15907268,0.12642781
166,0.091869034,0.25984654,0.14813082,0.24322127,0.03928027,0.21765211
167,0.15095636,0.17442003,0.3122421,0.2078768,0.11234323,0.042161506
168,0.17782083,0.20856553,0.21704386,0.17580985,0.09188563,0.12887435
169,0.043501645,0.39230663,0.06478647,0.24941787,0.017133836,0.23285355
170,0.09565213,0.22152473,0.15766655,0.13345055,0.12150565,0.27020043
171,0.22691776,0.21955119,0.055577777,0.15288228,0.053348493,0.2917225
172,0.22955373,0.39202744,0.03899624,0.13368227,0.08607446,0.11966587
173,0.032455232,0.2861023,0.059387133,0.22888735,0.06799269,0.32517523
174,0.041726597,0.24044752,0.25443587,0.07896204,0.15638593,0.22804204
175,0.019161586,0.12250361,0.26026213,0.24739774,0.1189744,0.23170055
176,0.037794307,0.11833898,0.25279346,0.252149,0.04813546,0.29078877
177,0.13902059,0.35230076,0.035901465,0.14674631,0.1639758,0.16205513
178,0.2099004,0.13876653,0.22711529,0.11326358,0.08174442,0.2292098
179,0.28934827,0.21064626,0.051740643,0.18402067,0.16514303,0.09910115
180,0.06527011,0.11720139,0.2652066,0.20466875,0.038799655,0.3088535
181,0.04513885,0.2588572,0.06388873,0.4856525,0.05621887,0.090243764
182,0.032134194,0.19719231,0.22831984,0.21602298,0.117789395,0.20854135
183,0.11642818,0.30447292,0.1751922,0.22015071,0.10007574,0.0836803
184,0.1348203,0.1275683,0.25714278,0.12496832,0.07336342,0.28213692
185,0.023511043,0.25282857,0.06997097,0.33595493,0.19364199,0.12409247
186,0.021047087,0.18688753,0.23037694,0.07119704,0.049195245,0.44129613
187,0.20036888,0.09893217,0.16849369,0.16036338,0.07404096,0.29780093
188,0.034386907,0.2082188,0.18033138,0.28612533,0.14842352,0.14251408
189,0.2371916,0.3076321,0.038620368,0.13314597,0.042903375,0.24050662
190,0.09306309,0.2670596,0.15501586,0.32137775,0.024813883,0.13866982
191,0.09495809,0.26472065,0.17674318,0.24018784,0.08078566,0.14260456
192,0.031918075,0.12248913,0.3030241,0.23791772,0.2078327,0.0968183
193,0.092387624,0.24610202,0.24863003,0.18041587,0.033691835,0.1987727
194,0.06802649,0.117734425,0.23171656,0.07685967,0.16105764,0.3446052
195,0.24595168,0.12778486,0.17859587,0.062309165,0.08656876,0.29878968
196,0.0304658,0.28727743,0.04554074,0.080267385,0.119986996,0.43646166
197,0.14138298,0.10547921,0.3325347,0.13659768,0.24523006,0.03877534
198,0.157536,0.2360693,0.24879703,0.17254092,0.09400537,0.0910514
199,0.16306862,0.07672648,0.527647,0.065824136,0.0229053,0.14382844
200,0.1571093,0.12779108,0.16618723,0.21739778,0.26854104,0.06297356
201,0.16651115,0.18540187,0.19924825,0.22320642,0.1586727,0.06695961
202,0.35137898,0.11192281,0.20158397,0.16833957,0.053073097,0.11370157
203,0.23791036,0.123938985,0.19902447,0.1752985,0.11854618,0.14528154
204,0.03073965,0.29444978,0.106685296,0.33710855,0.14344747,0.087569274
205,0.028336143,0.27628747,0.08400657,0.43582046,0.10529091,0.07025846
206,0.026624223,0.30540124,0.1933454,0.3498365,0.02867737,0.09611525
207,0.15597802,0.20596611,0.09410906,0.21489677,0.09035901,0.23869103
208,0.028934633,0.21718371,0.120715916,0.21648568,0.1502489,0.26643115
209,0.16342501,0.2561602,0.078080624,0.27893397,0.09196089,0.13143933
210,0.03888161,0.16437806,0.36739424,0.14552268,0.01865241,0.265171
211,0.033668414,0.2269259,0.073886015,0.36428955,0.15517159,0.14605851
212,0.098802455,0.2528232,0.21573971,0.10159024,0.20698975,0.12405464
213,0.19098474,0.17504168,0.29419488,0.1261379,0.0913605,0.12228029
214,0.041188627,0.25525635,0.18244354,0.3273692,0.03087886,0.1628634
215,0.06023639,0.26727003,0.077708334,0.16896516,0.21637374,0.20944634
216,0.25041217,0.101644866,0.19929479,0.14326832,0.21218164,0.09319825
217,0.19741641,0.17930546,0.21286851,0.17574796,0.035452,0.19920969
218,0.061344773,0.18315405,0.31119215,0.19274928,0.07518275,0.17637698
219,0.1224792,0.23857205,0.24311022,0.1933973,0.027194519,0.17524669
220,0.07261667,0.34912553,0.0742983,0.20974319,0.23770577,0.05651056
221,0.25452754,0.118682146,0.16459575,0.10337382,0.042106763,0.31671402
222,0.09807612,0.20399114,0.09650127,0.30588526,0.061195355,0.23435093
223,0.052297544,0.08744078,0.06301913,0.08687553,0.024270631,0.68609643
224,0.12042953,0.28328255,0.10475951,0.36420095,0.08402493,0.043302543
225,0.3080252,0.17092438,0.10474503,0.09255081,0.20023787,0.123516776
226,0.19772905,0.1697856,0.22949584,0.20473441,0.027802723,0.1704524
227,0.027983448,0.21688809,0.16809453,0.223624,0.18811673,0.17529322
228,0.17691661,0.14121337,0.088382244,0.0468608,0.16049016,0.38613683
229,0.032202482,0.18369247,0.3076082,0.12643598,0.09451099,0.2555499
230,0.13092533,0.24411996,0.2852297,0.12838998,0.104821764,0.10651325
231,0.09208947,0.2556558,0.10836399,0.29271996,0.16773114,0.083439626
232,0.23745544,0.14224583,0.15140201,0.14247361,0.04405206,0.28237098
233,0.1438534,0.21264338,0.28769577,0.11123947,0.081560284,0.16300768
234,0.13061135,0.30397886,0.08222751,0.09585806,0.10597181,0.28135237
235,0.16855827,0.18171379,0.19331822,0.17093927,0.07020176,0.21526873
236,0.02983029,0.17692612,0.39033026,0.15321617,0.14520627,0.10449092
237,0.024326306,0.24592318,0.23089918,0.29532695,0.0464309,0.15709348
238,0.2739097,0.13431634,0.2456243,0.063094616,0.1416063,0.14144874
239,0.09572418,0.21051934,0.12695903,0.38785127,0.05475038,0.12419579
240,0.019942835,0.45526177,0.038420636,0.25054568,0.14578635,0.09004276
241,0.15363833,0.18224213,0.11183247,0.35537654,0.06957677,0.12733373
242,0.32213727,0.12154717,0.1509475,0.1256885,0.108122826,0.17155671
243,0.049719162,0.12951726,0.29056734,0.21794851,0.22067206,0.09157572
244,0.059388928,0.20272739,0.27169958,0.1619364,0.09901386,0.20523381
245,0.22342843,0.15176651,0.2500513,0.22657135,0.08441894,0.063763514
246,0.0151172755,0.24588455,0.060445186,0.24026525,0.038036026,0.40025175
247,0.2524224,0.22153623,0.098063275,0.068709396,0.17629093,0.18297777
248,0.16890444,0.31012702,0.17498001,0.16111907,0.027579334,0.1572901
249,0.23186252,0.2665713,0.081281826,0.18944657,0.067604795,0.163233
250,0.03440146,0.22646733,0.17398874,0.13566874,0.17257953,0.2568942
251,0.108910225,0.23352417,0.11927449,0.056423943,0.15465596,0.32721123
252,0.28337812,0.15567245,0.19641529,0.10924943,0.055279676,0.20000508
253,0.21333243,0.14038236,0.20763688,0.067331366,0.13639581,0.23492122
254,0.21634516,0.19295831,0.1663843,0.07854606,0.09789426,0.24787185
255,0.039799318,0.22238421,0.1239261,0.064498864,0.13910836,0.41028318
256,0.024379421,0.35379794,0.032999657,0.4993008,0.031645607,0.057876587
257,0.41229075,0.114347085,0.056791548,0.07715693,0.2521517,0.08726194
258,0.13822076,0.1266124,0.20714955,0.2746306,0.052302282,0.20108442
259,0.07475253,0.121195845,0.25690803,0.14475189,0.14833377,0.25405794
260,0.021933882,0.082158774,0.13570817,0.096479684,0.1632787,0.5004408
261,0.18503392,0.11493094,0.20170158,0.2352923,0.09373276,0.1693085
262,0.15285902,0.23758458,0.21876284,0.2434173,0.09196305,0.05541326
263,0.022465065,0.25349152,0.21684614,0.20916776,0.15581061,0.14221892
264,0.112134576,0.17479044,0.18884672,0.19341576,0.13441731,0.19639525
265,0.039435916,0.15248796,0.3974982,0.09514157,0.06284104,0.25259537
266,0.39835396,0.08935524,0.1505829,0.08312889,0.1088141,0.16976495
267,0.0724909,0.1291355,0.453125,0.17963362,0.12137937,0.044235572
268,0.023995277,0.18813431,0.23521686,0.29009005,0.16859044,0.09397308
269,0.2771135,0.1828977,0.0601421,0.099540964,0.1657126,0.2145932
270,0.3994821,0.097067855,0.15645072,0.041754633,0.12113595,0.18410869
271,0.1343994,0.24490501,0.056661554,0.049348745,0.16278541,0.35189983
272,0.026972642,0.27363852,0.13167065,0.2536072,0.14133547,0.1727755
273,0.020051597,0.25141117,0.26029825,0.22406536,0.192445,0.051728643
274,0.10903861,0.32279196,0.046037756,0.41257522,0.03053559,0.079020865
275,0.22561334,0.12070333,0.2996179,0.11891407,0.02610551,0.20904589
276,0.2098579,0.12218562,0.24807194,0.11502163,0.13563779,0.16922513
277,0.14639571,0.14752999,0.1284858,0.16433302,0.30971912,0.10353639
278,0.31026968,0.12870069,0.12772556,0.0827198,0.038617525,0.31196678
279,0.10679373,0.26479682,0.17723916,0.13435726,0.07320949,0.24360353
280,0.061269037,0.26505324,0.12353816,0.466812,0.023598239,0.059729353
281,0.04008262,0.2494499,0.06527842,0.36506748,0.111448295,0.16867328
282,0.018893616,0.23992175,0.18435466,0.25991887,0.017620975,0.27929008
283,0.4224053,0.10104258,0.07845676,0.100597076,0.22880088,0.0686974
284,0.286385,0.11355936,0.084515564,0.1167602,0.25994432,0.13883561
285,0.27506694,0.20490983,0.048194326,0.10684551,0.23358272,0.13140063
286,0.1611744,0.17500669,0.17282362,0.1369268,0.23689991,0.11716855
287,0.18611328,0.16894183,0.22554895,0.26478285,0.10756742,0.047045715
288,0.24066454,0.11380419,0.26017624,0.16005479,0.15289246,0.07240777
289,0.21206622,0.14746833,0.09168924,0.09079462,0.025395907,0.4325857
290,0.19433717,0.19394492,0.17049402,0.17110594,0.025233882,0.24488413
291,0.025872499,0.26735672,0.06959902,0.16785745,0.14803897,0.32127538
292,0.034821816,0.31827465,0.08225365,0.23897071,0.13421577,0.19146338
293,0.24217242,0.25479138,0.12734367,0.08749739,0.12544833,0.1627468
294,0.041978378,0.26727915,0.19571869,0.14627142,0.05189342,0.29685894
295,0.14092144,0.15280852,0.11905715,0.18195759,0.18619296,0.2190623
296,0.29566115,0.119920455,0.12578902,0.065933764,0.18254785,0.21014783
297,0.29149655,0.12426778,0.25823772,0.16789396,0.06838835,0.08971562
298,0.11119448,0.088071235,0.28858927,0.25052804,0.03520327,0.22641374
299,0.38475588,0.06854159,0.32448155,0.06557989,0.0443737,0.112267315
300,0.41457385,0.17468368,0.057361804,0.19812737,0.025084827,0.13016844
301,0.07188688,0.16505507,0.25773203,0.25692227,0.18309534,0.06530839
302,0.1442309,0.1087612,0.29315004,0.1810811,0.03818455,0.23459217
303,0.027164714,0.2237233,0.28814104,0.18204919,0.17938212,0.09953961
304,0.033953387,0.20822094,0.1644709,0.3150638,0.067061044,0.2112299
305,0.020392874,0.19708164,0.08651514,0.30548853,0.050424494,0.34009737
306,0.22740446,0.26749352,0.063842416,0.13563114,0.06684988,0.23877862
307,0.04232806,0.193532,0.24892342,0.30009288,0.021985685,0.19313799
308,0.09483591,0.22783929,0.09210432,0.09944871,0.016534114,0.46923763
309,0.078530215,0.10542697,0.112054534,0.10409029,0.1111958,0.48870224
310,0.33170325,0.10954038,0.15619847,0.17145276,0.027416326,0.20368876
311,0.028299173,0.3773079,0.09357305,0.26475614,0.15925892,0.07680484
312,0.124344476,0.28756672,0.14974885,0.2566279,0.036306072,0.14540602
313,0.1011459,0.27480987,0.06702815,0.16477561,0.090433836,0.30180666
314,0.10600534,0.17608319,0.22695744,0.061278794,0.112549886,0.31712532
315,0.18726042,0.22303289,0.08058677,0.060802132,0.07481505,0.3735028
316,0.30225113,0.1340459,0.19044481,0.18560201,0.14085166,0.04680458
317,0.27554476,0.19652525,0.13386649,0.24773817,0.103512585,0.042812776
318,0.26134548,0.19872716,0.09401319,0.11590836,0.14522974,0.18477607
319,0.23403507,0.12707151,0.2628621,0.13398132,0.18564509,0.056404885
320,0.061436277,0.18116854,0.41183674,0.1668814,0.05697395,0.12170312
321,0.02937798,0.12913488,0.108546175,0.45695126,0.23834455,0.037645154
322,0.052732907,0.16179468,0.2675911,0.21418667,0.042993568,0.2607011
323,0.01630404,0.24294738,0.22620371,0.21544656,0.121889584,0.1772087
324,0.07773004,0.14387892,0.12174155,0.103039294,0.27784193,0.27576825
325,0.04644227,0.13063753,0.25750354,0.24426912,0.17708975,0.14405788
326,0.05646223,0.12785035,0.29172787,0.14770909,0.027570812,0.34867966
327,0.613617,0.09352764,0.036692757,0.045413375,0.16606033,0.044688918
328,0.18841189,0.25455928,0.14556508,0.09365773,0.025670955,0.2921351
329,0.10307043,0.28348973,0.26971322,0.08610527,0.09215473,0.16546659
330,0.0824563,0.11960303,0.2930852,0.08469646,0.18740757,0.23275143
331,0.14452648,0.1752942,0.14985518,0.11016829,0.07932371,0.34083214
332,0.14552827,0.1575448,0.19584678,0.15711875,0.23148417,0.11247726
333,0.021704836,0.21112677,0.25046194,0.31947154,0.112537235,0.084697664
334,0.012471614,0.36545286,0.09828837,0.44190252,0.023170508,0.05871414
335,0.031263854,0.11645788,0.29710776,0.23639415,0.15810299,0.16067329
336,0.07752207,0.16717598,0.18318193,0.27827373,0.06510394,0.22874239
337,0.23517081,0.20491734,0.16742404,0.28621417,0.05030399,0.055969674
338,0.08471202,0.4311017,0.056386605,0.12797599,0.20508547,0.094738275
339,0.12528364,0.20546414,0.19828594,0.19565795,0.04524612,0.23006228
340,0.21374123,0.15980358,0.16045062,0.14311402,0.09506876,0.2278217
341,0.08440025,0.17532589,0.31582385,0.1997315,0.023302441,0.20141606
342,0.057117645,0.13446501,0.110217884,0.056083113,0.27418357,0.3679328
343,0.08266409,0.11094592,0.24233054,0.2269747,0.089937665,0.24714714
344,0.028087357,0.2505297,0.09521551,0.47955894,0.072006956,0.074601576
345,0.14059216,0.22837713,0.18435764,0.118861414,0.06348563,0.26432604
346,0.11307281,0.117787644,0.20448801,0.16193154,0.31844762,0.08427243
347,0.28863785,0.13386092,0.11705809,0.17637911,0.062420912,0.22164315
348,0.039400272,0.4399473,0.033365835,0.13163868,0.042104397,0.31354356
349,0.22219989,0.4437304,0.0323846,0.122222915,0.080820434,0.09864181
350,0.08274864,0.138411,0.13171221,0.071790844,0.41726217,0.15807518
351,0.13024908,0.23026764,0.07995104,0.14121333,0.23509577,0.18322322
352,0.024664763,0.24154003,0.2336495,0.14123552,0.1483614,0.21054874
353,0.35179687,0.17603625,0.09995391,0.07685355,0.027644752,0.2677147
354,0.01838657,0.20106716,0.26845005,0.32889384,0.11067837,0.07252397
355,0.026279213,0.12700109,0.11753772,0.08175943,0.26730263,0.38011992
356,0.08779164,0.14768918,0.19336839,0.12791994,0.19758013,0.24565065
357,0.040117446,0.19226117,0.2710253,0.221959,0.04064085,0.23399624
358,0.25408927,0.107751116,0.18043473,0.058047734,0.10900814,0.29066905
359,0.10121308,0.21704812,0.111566104,0.28212047,0.22121818,0.066834114
360,0.053088862,0.10711059,0.2449224,0.22988239,0.12479429,0.24020138
361,0.1274236,0.07713034,0.429662,0.04648803,0.07452579,0.24477029
362,0.10162059,0.53589314,0.031055221,0.14664245,0.016079927,0.16870864
363,0.32657325,0.084517,0.2616732,0.18393402,0.059063982,0.084238596
364,0.18793362,0.18541315,0.18566437,0.13052182,0.15697376,0.1534933
365,0.041110657,0.25680473,0.18120165,0.12233774,0.09271388,0.3058313
366,0.043980937,0.13834088,0.33545753,0.12787844,0.17818928,0.17615293
367,0.20801951,0.29635283,0.042290296,0.09234441,0.018353293,0.34263965
368,0.1890315,0.10936038,0.23534817,0.14110592,0.1705019,0.15465212
369,0.12469491,0.2656508,0.09926621,0.19822676,0.05824385,0.2539175
370,0.21901827,0.21435395,0.14203416,0.21420687,0.04171843,0.16866834
371,0.03222098,0.11382554,0.39686444,0.26232132,0.032067277,0.16270044
372,0.37888795,0.14549448,0.15137982,0.0983435,0.057374667,0.1685196
373,0.023620624,0.1289266,0.14103836,0.23230337,0.2246959,0.24941513
374,0.123120144,0.27691674,0.1601232,0.20483339,0.18106939,0.053937174
375,0.14624445,0.20698148,0.2529716,0.16837227,0.074157186,0.151273
376,0.2378972,0.22449434,0.06331897,0.3328239,0.049547277,0.09191828
377,0.02747807,0.19283465,0.07457301,0.3550092,0.060389206,0.28971586
378,0.028074192,0.33077627,0.07016768,0.3931059,0.025420025,0.15245585
379,0.04395693,0.23479047,0.072107136,0.24033763,0.13989748,0.26891032
380,0.2698085,0.41269323,0.022574356,0.21442826,0.032737795,0.047757905
381,0.020513183,0.33588305,0.15757573,0.1640493,0.18762492,0.13435376
382,0.25870788,0.1112953,0.26364425,0.12712441,0.09181047,0.14741775
383,0.026288236,0.2415449,0.15958044,0.33302036,0.19041505,0.049151022
384,0.09498917,0.11241773,0.36123326,0.16019239,0.09966747,0.17149994
385,0.15808536,0.20217943,0.20985022,0.24322264,0.14678834,0.03987401
386,0.04583368,0.20992889,0.14675757,0.24750106,0.1103594,0.2396194
387,0.20635961,0.1618414,0.18332382,0.17432973,0.11526618,0.15887928
388,0.023632314,0.23572831,0.2555969,0.3022228,0.09141829,0.09140142
389,0.21735142,0.12550353,0.22718756,0.20866142,0.03579125,0.18550484
390,0.07414305,0.11016245,0.22582825,0.20987622,0.19370927,0.18628077
391,0.24030751,0.19425927,0.12877735,0.3551081,0.029801257,0.051746435
392,0.1306056,0.19962895,0.20963643,0.22070284,0.12116287,0.11826338
393,0.04237345,0.20271301,0.33011118,0.19026531,0.075250626,0.15928645
394,0.30751604,0.10982396,0.13517062,0.22091514,0.028767038,0.19780718
395,0.119319044,0.13259964,0.23642829,0.20996888,0.06937331,0.23231086
396,0.022059014,0.091710314,0.43426543,0.12548614,0.09730826,0.22917077
397,0.01835784,0.2718768,0.338241,0.2598862,0.048585817,0.06305234
398,0.23609304,0.32240334,0.046547048,0.12047273,0.0599003,0.21458353
399,0.04062714,0.14028291,0.24302046,0.05603693,0.04350442,0.4765282
400,0.28117058,0.14592826,0.13043875,0.06747262,0.21517853,0.1598113
401,0.027216801,0.2577704,0.20682783,0.16713239,0.1090031,0.23204947
402,0.11686544,0.27649352,0.13951208,0.07713534,0.14446609,0.2455275
403,0.041049503,0.19739604,0.10462488,0.37936917,0.13425767,0.14330283
404,0.07363949,0.13574032,0.22396739,0.16962232,0.023747597,0.37328285
405,0.016378295,0.17147744,0.4787152,0.16068317,0.12128268,0.051463198
406,0.04709431,0.12048807,0.29375452,0.21834983,0.08847587,0.23183747
407,0.2771103,0.11027436,0.15992694,0.12403995,0.08145684,0.2471916
408,0.35467803,0.09502858,0.071534686,0.11240056,0.15159616,0.21476199
409,0.3022948,0.18312946,0.08835054,0.097858936,0.16554683,0.16281947
410,0.11556987,0.30480862,0.04780892,0.20590763,0.14038496,0.18552005
411,0.03419024,0.2720117,0.09954825,0.4021978,0.13871439,0.05333763
412,0.0406053,0.22265725,0.23800306,0.1679521,0.18677361,0.14400868
413,0.18951236,0.12487034,0.3584427,0.17826906,0.106384136,0.04252141
414,0.47677234,0.08173547,0.11849987,0.18911351,0.039012633,0.09486614
415,0.22969766,0.22895426,0.2963856,0.14152478,0.030725291,0.07271244
416,0.15093885,0.14139532,0.22017579,0.16884051,0.0976393,0.2210102
417,0.09950285,0.2281596,0.17192346,0.21626149,0.056078885,0.22807369
418,0.08389432,0.19879705,0.18508998,0.060739376,0.16652307,0.30495623
419,0.25607732,0.1518076,0.06567729,0.04479858,0.20145613,0.28018314
420,0.16612487,0.1694758,0.16624683,0.23683193,0.09643843,0.16488223
421,0.22600326,0.17839868,0.22593942,0.22900517,0.09853961,0.04211383
422,0.013874988,0.28175253,0.0816854,0.43015987,0.079445176,0.113082066
423,0.15684828,0.17603655,0.1994945,0.1446381,0.14415893,0.17882362
424,0.22309019,0.26728028,0.08703784,0.15803112,0.093904726,0.17065583
425,0.3241752,0.139965,0.15802483,0.1807844,0.15465613,0.042394347
426,0.04935833,0.16747534,0.30742878,0.1709291,0.24315685,0.06165164
427,0.2639441,0.13340184,0.25504023,0.15635422,0.07504373,0.116215914
428,0.1856835,0.112595126,0.15517594,0.123875804,0.054560397,0.36810923
429,0.022456743,0.1946643,0.13753475,0.46883324,0.12189194,0.054618984
430,0.16740339,0.31032145,0.10544424,0.17271744,0.11007897,0.1340345
431,0.059942577,0.27398688,0.11601362,0.30994987,0.14078844,0.099318616
432,0.055985525,0.13251661,0.320629,0.11563473,0.13849942,0.2367347
433,0.13307607,0.2667363,0.13086617,0.11279617,0.15421768,0.2023077
434,0.055092845,0.1885141,0.3331649,0.08108243,0.037703965,0.30444172
435,0.2592233,0.24201465,0.08752485,0.1898777,0.08265678,0.1387027
436,0.24353777,0.12474924,0.27194053,0.11641358,0.068072736,0.17528619
437,0.31375068,0.115528256,0.056503393,0.03960441,0.17532969,0.2992836
438,0.09990406,0.12547989,0.28594396,0.30846843,0.085706286,0.094497435
439,0.13768396,0.21461657,0.11079414,0.41626608,0.07784955,0.04278968
440,0.35033408,0.08483361,0.19729358,0.072289325,0.059089553,0.23615986
441,0.015906954,0.11752883,0.30613622,0.06810046,0.19656037,0.29576716
442,0.07464295,0.16052681,0.23826993,0.22612561,0.14822099,0.15221371
443,0.027639406,0.11059965,0.31891918,0.12867583,0.037996188,0.37616983
444,0.1798274,0.18908875,0.23693171,0.13495378,0.044606507,0.21459185
445,0.3276722,0.15155835,0.095487885,0.061003592,0.0751036,0.2891744
446,0.5674818,0.13859007,0.037695926,0.057928402,0.14961308,0.04869069
447,0.092714764,0.13124534,0.26357213,0.14278944,0.1083132,0.26136512
448,0.05404489,0.311782,0.10043664,0.30002645,0.18275541,0.05095459
449,0.26891097,0.09239977,0.2708326,0.05864689,0.075424574,0.23378521
450,0.13066593,0.37027213,0.07285874,0.23458225,0.11793124,0.07368969
451,0.07771134,0.15923251,0.26062927,0.20342708,0.034637604,0.26436222
452,0.036839876,0.22552432,0.08530887,0.12323408,0.099456824,0.42963603
453,0.08891252,0.131786,0.34942016,0.1545137,0.09679563,0.17857198
454,0.51570517,0.077397995,0.19602683,0.11767957,0.039462864,0.053727604
455,0.16240442,0.3197405,0.14346568,0.110709906,0.16510071,0.09857876
456,0.021667425,0.21332568,0.24883994,0.25049326,0.132527,0.13314673
457,0.13448134,0.33402315,0.054126147,0.40914518,0.024936438,0.04328773
458,0.03227919,0.22122401,0.09968798,0.29176137,0.09258382,0.26246357
459,0.070957676,0.25205752,0.1129716,0.4026019,0.09799367,0.06341758
460,0.1296372,0.28235152,0.22687055,0.23501244,0.055859406,0.07026888
461,0.29190534,0.13978353,0.09319625,0.11135158,0.2920559,0.07170735
462,0.21592835,0.2421133,0.056710523,0.112936765,0.15243164,0.21987952
463,0.41394877,0.073740855,0.2805208,0.091229826,0.09057922,0.049980547
464,0.029700309,0.18632172,0.32456377,0.36459482,0.052975636,0.041843757
465,0.15102461,0.24805766,0.17176294,0.26799136,0.09354747,0.06761591
466,0.03640131,0.24899504,0.18465514,0.24412309,0.16429012,0.12153531
467,0.12710615,0.1870214,0.19720875,0.0928098,0.15041508,0.24543878
468,0.09094325,0.27661207,0.12844929,0.19353087,0.037493322,0.2729712
469,0.017260535,0.1653816,0.1849479,0.29720962,0.19769855,0.13750185
470,0.065985925,0.19929536,0.19415286,0.12650733,0.11198288,0.30207565
471,0.225042,0.17291424,0.11926252,0.152875,0.16859259,0.16131361
472,0.08836813,0.14570524,0.25697687,0.21112818,0.18546155,0.11236
473,0.16344464,0.17759669,0.25084892,0.08376868,0.06470526,0.2596358
474,0.124978654,0.30900437,0.11545579,0.13633375,0.18344723,0.13078025
475,0.095289156,0.23347183,0.24468577,0.108571194,0.047268618,0.27071345
476,0.022371877,0.24716769,0.31079662,0.19987623,0.1276371,0.09215048
477,0.047681663,0.18167736,0.37933317,0.24609536,0.049289282,0.095923156
478,0.0907198,0.31667233,0.09666066,0.12928885,0.15616918,0.2104892
479,0.027002776,0.2726049,0.047313765,0.23441802,0.08683014,0.33183038
480,0.3115051,0.10882042,0.3062977,0.097258925,0.038429774,0.13768815
481,0.041790977,0.18606175,0.18074013,0.24213096,0.118733265,0.23054293
482,0.03537913,0.38740584,0.121519394,0.3764522,0.020787677,0.058455735
483,0.019655934,0.11764648,0.40162632,0.103598095,0.19125596,0.16621718
484,0.20930487,0.10668538,0.28298303,0.0770579,0.16141832,0.16255054
485,0.21746379,0.11255179,0.1985463,0.07929673,0.1384287,0.25371265
486,0.28832242,0.114257865,0.12248175,0.15038437,0.03136584,0.2931877
487,0.08351351,0.24896546,0.24977517,0.10028588,0.22164379,0.095816195
488,0.0174238,0.26244295,0.31502214,0.12836571,0.1458209,0.1309245
489,0.017661862,0.26771015,0.11169646,0.4661698,0.100431725,0.03632998
490,0.15652128,0.18951929,0.25664648,0.09790512,0.0718775,0.22753033
491,0.029536307,0.15623099,0.25533348,0.14686275,0.1780096,0.23402682
492,0.017324172,0.23176256,0.08203056,0.330822,0.124468446,0.21359229
493,0.16530712,0.25483295,0.09449379,0.2803473,0.14660214,0.058416672
494,0.2880385,0.21057883,0.07721438,0.13725846,0.21249273,0.07441716
495,0.18600942,0.21680605,0.15349418,0.23865889,0.056025643,0.14900577
496,0.098957576,0.29391328,0.23449886,0.17075478,0.027045334,0.17483015
497,0.095354,0.12846975,0.17726098,0.26726094,0.1911915,0.14046289
498,0.042446073,0.313583,0.05911268,0.3445658,0.16113985,0.079152666
499,0.03485346,0.16460441,0.31334928,0.24206631,0.15594095,0.08918553
500,0.12806635,0.24583116,0.16240928,0.28419036,0.12442939,0.055073526
501,0.13842687,0.23018095,0.30659518,0.20058669,0.025048817,0.09916149
502,0.04537038,0.19650227,0.22903746,0.2274685,0.055990223,0.24563117
503,0.11923135,0.20215766,0.20836274,0.061381053,0.19891456,0.20995264
504,0.04296768,0.20917709,0.36520824,0.20100598,0.03559825,0.14604275
505,0.05757078,0.16233145,0.2232715,0.2609969,0.15136904,0.1444603
506,0.115516126,0.19224729,0.23029941,0.2027824,0.13143955,0.12771516
507,0.18515064,0.2007809,0.20820127,0.09559823,0.042302985,0.26796597
508,0.15844922,0.109142005,0.30542448,0.13713293,0.044370193,0.24548121
509,0.07537412,0.18883698,0.18354008,0.15742598,0.044144157,0.35067877
510,0.056734655,0.22773,0.15868512,0.3141488,0.06585846,0.17684297
511,0.07675406,0.16457047,0.22490565,0.2261486,0.028229307,0.27939194
512,0.19727993,0.22765493,0.2129961,0.08392939,0.15107287,0.1270668
513,0.17383553,0.19891106,0.10557704,0.27921662,0.16201358,0.08044613
514,0.22333819,0.19786035,0.17183179,0.09961,0.04147988,0.26587978
515,0.3606118,0.09142699,0.1811952,0.2573773,0.03784997,0.07153872
516,0.16669671,0.26852193,0.10320488,0.16099572,0.07141547,0.22916527
517,0.22465718,0.24107133,0.13193846,0.27919015,0.03381477,0.08932815
518,0.29721192,0.20955054,0.09615236,0.21018346,0.111231744,0.07567
519,0.07467744,0.21384598,0.12618712,0.23726676,0.21768619,0.13033654
520,0.14104286,0.25653374,0.18447828,0.09913844,0.030321969,0.2884847
521,0.07544703,0.13577554,0.40008676,0.15929797,0.058766782,0.17062598
522,0.10851487,0.22442725,0.22187592,0.22188935,0.18404995,0.03924265
523,0.2177372,0.24287109,0.06845296,0.13435644,0.20304261,0.13353972
524,0.21456201,0.22788185,0.21919239,0.15028936,0.080429845,0.10764453
525,0.039881054,0.33349758,0.04433212,0.097634904,0.016044201,0.46861008
526,0.33089903,0.13506955,0.14337477,0.14173537,0.032811023,0.21611027
527,0.09898883,0.17785336,0.17856355,0.16459402,0.06009664,0.31990355
528,0.1526076,0.13819307,0.27470848,0.192619,0.17267925,0.06919262
529,0.2326929,0.27852827,0.056355145,0.33434668,0.06302546,0.035051532
530,0.2178872,0.23517103,0.22541493,0.12602322,0.09828054,0.09722309
531,0.1038308,0.2202128,0.13318898,0.38999584,0.11572379,0.03704772
532,0.1593371,0.33812666,0.21896642,0.11287654,0.07726992,0.09342333
533,0.452592,0.09515083,0.035052683,0.03124045,0.3425109,0.043453157
534,0.019075511,0.14948486,0.15966995,0.09720633,0.20364311,0.37092024
535,0.29994577,0.19581343,0.048167538,0.08076883,0.03280187,0.3425026
536,0.048231173,0.23973005,0.45807382,0.15361229,0.01796529,0.08238738
537,0.1339076,0.21507269,0.12271203,0.10627192,0.17543449,0.2466013
538,0.047817145,0.25209033,0.2857485,0.17486335,0.1446348,0.09484584
539,0.049251538,0.19802994,0.10028323,0.1672389,0.24168007,0.24351631
540,0.018823702,0.2588069,0.06683462,0.33237973,0.062579185,0.2605758
541,0.22877969,0.15845492,0.20344225,0.06481078,0.16244616,0.18206622
542,0.0639198,0.09458538,0.17403872,0.12000844,0.1301369,0.41731074
543,0.24377716,0.1801976,0.22854836,0.17633608,0.045492936,0.12564789
544,0.05649033,0.11023376,0.27711254,0.12162933,0.34809917,0.086434916
545,0.21880752,0.099124074,0.33614334,0.10743898,0.17060778,0.06787831
546,0.05137832,0.10858096,0.39261717,0.16283163,0.14979891,0.13479304
547,0.088166,0.09022084,0.25708792,0.060906336,0.10919267,0.3944263
548,0.12919575,0.25679442,0.082030654,0.07256415,0.13871671,0.3206983
549,0.23977119,0.15443133,0.18415175,0.18505545,0.077723175,0.15886724
550,0.13967867,0.24787372,0.050261922,0.23046798,0.121926785,0.20979096
551,0.030983254,0.2698928,0.18161803,0.10314526,0.15995179,0.2544089
552,0.01926309,0.20345981,0.23946196,0.3091217,0.033566475,0.195127
553,0.034419693,0.23752451,0.1014339,0.419115,0.02403189,0.18347497
554,0.3478884,0.07799553,0.14666642,0.054643575,0.074615635,0.29819047
555,0.2727409,0.13139477,0.14176553,0.07244237,0.24467054,0.13698588
556,0.3875923,0.12766664,0.07792153,0.14726023,0.09959711,0.15996216
557,0.27566138,0.31068757,0.06560584,0.173482,0.07477279,0.099790454
558,0.19248226,0.1898679,0.16032514,0.050682053,0.176986,0.22965671
559,0.1896943,0.15982348,0.14359844,0.136518,0.15793297,0.21243279
560,0.24411678,0.26217747,0.0790241,0.20647006,0.057164013,0.15104763
561,0.09304786,0.106399685,0.15236585,0.07565346,0.18153732,0.39099592
562,0.07421992,0.15312295,0.15427573,0.2486928,0.11255699,0.25713164
563,0.019980263,0.33219898,0.11133401,0.37313795,0.015270513,0.1480783
564,0.1381052,0.12996553,0.29452226,0.0932507,0.24342,0.10073633
565,0.3654888,0.18642594,0.08736295,0.05490495,0.10193864,0.20387873
566,0.026457526,0.1562579,0.10645301,0.2742041,0.021532862,0.41509458
567,0.022448638,0.21285783,0.2128058,0.30642983,0.09839126,0.14706665
568,0.21540856,0.16298544,0.0911819,0.21661048,0.10057094,0.21324274
569,0.108406,0.28048632,0.03990283,0.06259883,0.22262636,0.28597966
570,0.029715806,0.1834881,0.10598384,0.07564843,0.5258204,0.07934341
571,0.033577748,0.203034,0.25063938,0.34023356,0.1343803,0.038135014
572,0.20467399,0.10391085,0.2323117,0.071758576,0.18334486,0.20400001
573,0.17154728,0.25069085,0.21394259,0.2035646,0.1058649,0.05438979
574,0.031677056,0.12402394,0.2725256,0.1714152,0.36290282,0.037455417
575,0.32173473,0.3819667,0.05993165,0.112522356,0.032215707,0.09162879
576,0.022802195,0.22900055,0.06040942,0.35591924,0.026790995,0.3050776
577,0.01852833,0.14162907,0.12338336,0.45058978,0.21534728,0.05052227
578,0.12830965,0.12709996,0.19968282,0.08891001,0.16737892,0.28861862
579,0.24050349,0.19081162,0.1821365,0.1486711,0.18360932,0.05426798
580,0.058480002,0.24655575,0.23148641,0.13982466,0.06897331,0.2546799
581,0.2852386,0.19001368,0.10149925,0.08359961,0.18050732,0.15914154
582,0.08764877,0.41379178,0.07187571,0.15241142,0.19649239,0.077779986
583,0.3004933,0.09980687,0.10341935,0.05698547,0.17991696,0.25937805
584,0.22780985,0.20474061,0.07614405,0.24379931,0.02780058,0.21970558
585,0.25016418,0.19138262,0.14806363,0.24500865,0.09532647,0.07005447
586,0.070852734,0.18000376,0.33834884,0.2720859,0.044754248,0.09395453
587,0.032900732,0.26947516,0.26602325,0.21102168,0.03063931,0.18993992
588,0.3079001,0.27380475,0.04132659,0.13794528,0.20181549,0.03720782
589,0.22480406,0.24479523,0.087536395,0.1480273,0.10322765,0.19160938
590,0.25589678,0.13621846,0.21502808,0.11549298,0.21685256,0.060511112
591,0.12134444,0.11855651,0.06742254,0.078145765,0.36647597,0.24805476
592,0.37033716,0.20523249,0.049402498,0.0564021,0.2704062,0.048219588
593,0.16615327,0.24184,0.086379305,0.25324547,0.07195831,0.18042369
594,0.10387925,0.3025208,0.13789272,0.15227737,0.17005514,0.13337474
595,0.07360635,0.2391273,0.17583364,0.25937667,0.066760235,0.18529585
596,0.017712943,0.19661523,0.2666435,0.11738493,0.2647323,0.13691108
597,0.26029348,0.1723853,0.12960719,0.050851602,0.14149407,0.24536832
598,0.035390556,0.24028772,0.18404332,0.20299765,0.019802563,0.31747815
599,0.71468633,0.05281546,0.06837307,0.062291592,0.028815486,0.07301807
600,0.20891893,0.12276287,0.26202112,0.07261015,0.08545506,0.24823187
601,0.14279975,0.08631766,0.2869518,0.06376017,0.036122322,0.38404825
602,0.34495592,0.1323588,0.072368786,0.1558536,0.14315777,0.15130514
603,0.06959961,0.2726407,0.09158012,0.31612128,0.1447116,0.10534671
604,0.036211222,0.26048023,0.29727182,0.18022133,0.067190126,0.1586253
605,0.025891503,0.27512214,0.0905889,0.22423792,0.1623795,0.22178
606,0.108515985,0.21400246,0.15282834,0.06036462,0.184279,0.28000966
607,0.17988212,0.10598948,0.21339956,0.11433308,0.041963298,0.34443244
608,0.16537422,0.24451976,0.25409752,0.117115535,0.15607245,0.06282049
609,0.01881188,0.1461252,0.19401743,0.30707997,0.05154886,0.28241664
610,0.11334854,0.19508256,0.092205785,0.18279158,0.17324695,0.24332458
611,0.081615604,0.21064241,0.2061451,0.26915893,0.027954089,0.20448384
612,0.23115143,0.08330717,0.15272477,0.09893505,0.08156372,0.35231787
613,0.30199486,0.34300774,0.04184907,0.1566418,0.048363015,0.10814352
614,0.020013606,0.2527363,0.102915764,0.24092668,0.09980797,0.28359967
615,0.3651618,0.11271405,0.2163304,0.16284871,0.097956166,0.044988867
616,0.144039,0.2763017,0.093747124,0.22547065,0.032947287,0.22749424
617,0.046095364,0.2089489,0.12722656,0.07543658,0.32345843,0.21883418
618,0.2010325,0.122591175,0.28643775,0.19430572,0.06709407,0.12853876
619,0.33121362,0.104248665,0.07295736,0.043961138,0.19248095,0.25513828
620,0.09209926,0.3053228,0.059599496,0.101543486,0.14757717,0.29385778
621,0.0906742,0.24086718,0.22248544,0.08563556,0.1934974,0.16684023
622,0.14992775,0.1218808,0.3047673,0.07859647,0.09221474,0.25261295
623,0.018324891,0.42618242,0.15614933,0.24938957,0.094209515,0.055744294
624,0.21246384,0.10114318,0.20857538,0.08231733,0.1448949,0.25060534
625,0.08510889,0.2326444,0.25780597,0.21701658,0.09476531,0.11265883
626,0.15594001,0.10059678,0.43356702,0.10688694,0.15000972,0.052999586
627,0.05385469,0.21577412,0.07810424,0.29585868,0.13626736,0.22014095
628,0.12647724,0.16181464,0.24489926,0.18235813,0.048061084,0.23638962
629,0.23696704,0.094247475,0.25645807,0.08027231,0.11470418,0.21735089
630,0.0665292,0.21104844,0.33399442,0.120592035,0.1443475,0.123488374
631,0.13524365,0.211836,0.058122505,0.15036516,0.20033504,0.24409762
632,0.15732378,0.17184275,0.15755825,0.06358346,0.035367098,0.41432467
633,0.020318441,0.11386096,0.39288262,0.24918869,0.13055725,0.09319208
634,0.1931522,0.22287397,0.17861886,0.1777667,0.08110107,0.14648716
635,0.12322458,0.17824322,0.1881668,0.10517786,0.14819807,0.2569895
636,0.22213444,0.090915136,0.15901564,0.076257646,0.14435558,0.30732152
637,0.11524006,0.3211718,0.054024495,0.21708566,0.048846334,0.2436317
638,0.18156086,0.24714403,0.17359526,0.08891807,0.06843922,0.2403426
639,0.076362744,0.2339319,0.23790476,0.13602662,0.073014095,0.24275987
640,0.3352807,0.10093126,0.10681814,0.14326684,0.085846625,0.22785649
641,0.2832063,0.28560877,0.10985586,0.10421537,0.067539684,0.14957407
642,0.2555542,0.15173045,0.13016176,0.22237222,0.044735964,0.19544542
643,0.054177847,0.24635532,0.29037294,0.12715794,0.2235654,0.05837055
644,0.022044262,0.19540587,0.15489773,0.14249732,0.15922268,0.32593215
645,0.13954617,0.4117849,0.07949211,0.22750913,0.08620692,0.055460796
646,0.03362693,0.23384658,0.39238766,0.08772485,0.026815224,0.2255988
647,0.016550256,0.19125843,0.19965498,0.30860987,0.06621567,0.21771081
648,0.17118192,0.17982964,0.14598483,0.17062216,0.08312765,0.24925372
649,0.047529697,0.20850998,0.33483934,0.18117303,0.18399563,0.043952372
650,0.35088333,0.22829543,0.095615126,0.1845229,0.061884258,0.07879896
651,0.2404406,0.11117655,0.19292408,0.12976429,0.047890652,0.27780384
652,0.04727531,0.234065,0.049890257,0.30300322,0.05687525,0.30889094
653,0.03202686,0.1426455,0.10791711,0.27667752,0.051432356,0.38930067
654,0.06420632,0.24033102,0.075826146,0.2564436,0.029348236,0.33384478
655,0.19827472,0.21169847,0.17467178,0.2876475,0.035852525,0.091855004
656,0.11996342,0.28168663,0.1760083,0.11886275,0.054857366,0.24862151
657,0.42464405,0.14248198,0.09843941,0.19978786,0.09726568,0.037381046
658,0.160067,0.2743861,0.05246996,0.09314175,0.14262758,0.2773075
659,0.081956536,0.09988189,0.35887134,0.05011502,0.21085653,0.19831868
660,0.027510276,0.16758844,0.19585954,0.25110817,0.2108807,0.14705291
661,0.34392464,0.15548605,0.11707928,0.13517876,0.0235658,0.22476543
662,0.029070713,0.22107175,0.14324892,0.20994943,0.015997404,0.3806618
663,0.019870881,0.17901658,0.19497076,0.4539962,0.12209673,0.030048884
664,0.024412317,0.23163775,0.18389712,0.27176467,0.25407398,0.03421411
665,0.01140899,0.111855924,0.29717004,0.18933913,0.34360525,0.046620674
666,0.095464475,0.10072148,0.41663513,0.122132465,0.11899404,0.14605236
667,0.15923171,0.33344963,0.056219477,0.13116455,0.09829162,0.22164303
668,0.5342497,0.07449271,0.18416378,0.10224729,0.041445076,0.0634014
669,0.28560877,0.16270964,0.2749464,0.104836695,0.07655362,0.09534489
670,0.15571797,0.14665,0.20529103,0.18145745,0.09701201,0.21387158
671,0.14919144,0.17365864,0.10490452,0.2926932,0.2243787,0.055173453
672,0.017472764,0.2810845,0.26389736,0.22964483,0.15483816,0.053062428
673,0.18175298,0.31903848,0.052922353,0.085144535,0.22482862,0.13631302
674,0.06900306,0.18723181,0.22167572,0.25100455,0.025345797,0.2457391
675,0.07938333,0.43360335,0.074685596,0.12964539,0.23619878,0.046483558
676,0.052351203,0.27177602,0.11632156,0.20269309,0.043921787,0.31293634
677,0.10858312,0.27531374,0.09839108,0.10345796,0.06531061,0.3489435
678,0.21990715,0.18219991,0.12038105,0.15314223,0.25148106,0.07288861
679,0.018678615,0.19825926,0.054668754,0.088330574,0.15568216,0.4843806
680,0.047696196,0.23670144,0.09671356,0.32964724,0.03338195,0.25585964
681,0.030669112,0.2730563,0.08436561,0.47396806,0.10125419,0.036686707
682,0.07073602,0.23537172,0.21164177,0.2201864,0.12337842,0.13868563
683,0.017553475,0.2152373,0.27413484,0.2911169,0.154834,0.04712351
684,0.037059493,0.21968569,0.1823141,0.17401102,0.23801818,0.14891154
685,0.2755191,0.22341457,0.072506666,0.17751104,0.11154515,0.13950352
686,0.28048202,0.18915422,0.07823629,0.20259266,0.1730098,0.07652499
687,0.16982292,0.19277743,0.22007981,0.1018552,0.04790089,0.2675638
688,0.21608368,0.14406449,0.1355251,0.24284594,0.18006667,0.08141412
689,0.030419461,0.108537726,0.44214213,0.13298434,0.1751414,0.11077494
690,0.10883174,0.24400218,0.24057986,0.3198223,0.031163296,0.05560056
691,0.065198965,0.13231026,0.38269565,0.15025173,0.115189895,0.15435351
692,0.28143635,0.057983216,0.49211276,0.03566498,0.03290252,0.0999002
693,0.20978607,0.1773543,0.17154188,0.13254705,0.05034907,0.2584216
694,0.09733003,0.26474345,0.102188945,0.3027156,0.03150396,0.20151803
695,0.05533868,0.19103539,0.06781908,0.1000054,0.23308831,0.35271317
696,0.08051559,0.32748488,0.2002503,0.11929715,0.10495798,0.16749412
697,0.22905639,0.19126678,0.12462327,0.2824215,0.13746738,0.035164673
698,0.049265917,0.16830453,0.21807614,0.34617934,0.05971844,0.15845568
699,0.025380088,0.20913377,0.17205067,0.1454565,0.14614965,0.30182928
700,0.057485856,0.14865725,0.24063973,0.25352192,0.050981164,0.24871404
701,0.18307415,0.20125587,0.09188025,0.24976538,0.20945723,0.0645671
702,0.35207364,0.09640706,0.10527523,0.087093465,0.18027903,0.17887154
703,0.024561323,0.22735243,0.27139965,0.2761085,0.10277002,0.09780806
704,0.1549566,0.17514315,0.10997222,0.1464027,0.15420641,0.25931898
705,0.050013524,0.12049612,0.31894517,0.08892612,0.057238087,0.36438102
706,0.022937141,0.16409783,0.2008103,0.26660854,0.19841805,0.14712815
707,0.024301827,0.40432334,0.17309096,0.21313861,0.12870114,0.056444194
708,0.12353451,0.18326686,0.14253867,0.0934569,0.14617172,0.31103134
709,0.03233515,0.1291493,0.13695568,0.2361453,0.09722621,0.36818838
710,0.025673876,0.1691354,0.25764254,0.20054321,0.020350603,0.32665434
711,0.1820298,0.16426574,0.26780784,0.23185728,0.039823595,0.11421576
712,0.023110416,0.10709973,0.25488847,0.16506417,0.2062563,0.24358086
713,0.01935819,0.20120645,0.22554997,0.12770408,0.10243054,0.32375073
714,0.26551366,0.13937826,0.0823963,0.15406348,0.13092136,0.22772697
715,0.21814457,0.09019728,0.085001536,0.051636845,0.07528337,0.4797364
716,0.47795004,0.07442249,0.23999514,0.09319295,0.053414553,0.061024755
717,0.26212442,0.30216265,0.057860624,0.1082811,0.18479581,0.08477543
718,0.24163568,0.15209939,0.2961904,0.11870362,0.04817312,0.1431978
719,0.13868947,0.10967615,0.2952889,0.25415125,0.032597497,0.16959673
720,0.22178017,0.114917785,0.15414223,0.14093828,0.06484706,0.3033745
721,0.022216083,0.20955098,0.17949438,0.31727174,0.056366466,0.21510035
722,0.041356895,0.23727742,0.11766259,0.2870526,0.11279815,0.20385233
723,0.041988123,0.11361123,0.0728226,0.15276237,0.1448157,0.47399998
724,0.26686454,0.12104535,0.20914912,0.24413826,0.033950757,0.12485197
725,0.014263613,0.27210286,0.15149377,0.39710823,0.09981866,0.06521284
726,0.21617647,0.11036958,0.20126145,0.08332491,0.16119348,0.22767419
727,0.036721345,0.46244362,0.105633624,0.14565244,0.20135541,0.04819354
728,0.01656951,0.20123117,0.08319775,0.17144611,0.15568946,0.37186605
729,0.081116535,0.44551116,0.059715413,0.2732804,0.030170808,0.11020568
730,0.018917201,0.11083772,0.3151014,0.298449,0.06723009,0.18946457
731,0.02384116,0.25202304,0.16814359,0.34810373,0.12910825,0.07878027
732,0.1594481,0.15359683,0.31899562,0.20577915,0.039849564,0.12233075
733,0.22931145,0.16926004,0.14738572,0.16798413,0.029826147,0.25623253
734,0.4314207,0.18344253,0.14973187,0.075119,0.10285205,0.0574339
735,0.08309897,0.117086686,0.23095076,0.21553805,0.15112945,0.20219603
736,0.11540244,0.11481572,0.103824764,0.052484978,0.074385256,0.5390868
737,0.0649989,0.15937288,0.2995384,0.20034109,0.09185207,0.18389665
738,0.24574596,0.22519755,0.15526958,0.29148737,0.02656792,0.055731576
739,0.15719883,0.20285808,0.17292488,0.27699926,0.15281656,0.037202347
740,0.06979733,0.13339362,0.2895359,0.12428152,0.08716714,0.29582447
741,0.25361893,0.29470733,0.055513036,0.15219529,0.020710409,0.22325496
742,0.123325706,0.12565076,0.08299194,0.12095831,0.0645107,0.4825625
743,0.04316115,0.2836684,0.1587118,0.19732301,0.10061644,0.21651922
744,0.08797729,0.2094298,0.23270537,0.21746638,0.10016463,0.15225647
745,0.20934734,0.14784637,0.22896083,0.11263084,0.112045914,0.18916874
746,0.31379825,0.11354598,0.3587473,0.10081424,0.028615154,0.08447906
747,0.040266585,0.13080376,0.29457608,0.10187509,0.13824053,0.29423797
748,0.04665904,0.16354474,0.16966203,0.22021143,0.035048243,0.36487448
749,0.10099485,0.23305888,0.06650184,0.1926402,0.02700377,0.3798005
750,0.14319628,0.1010582,0.15013367,0.15167233,0.16335545,0.2905841
751,0.0657418,0.1385077,0.21288973,0.06776613,0.20712629,0.30796838
752,0.016119452,0.24970658,0.03838628,0.11200793,0.028818365,0.5549614
753,0.06878566,0.38696957,0.062852815,0.088617034,0.253188,0.13958693
754,0.18746848,0.13474175,0.389596,0.1841145,0.032579307,0.07149991
755,0.31370515,0.08341121,0.3615662,0.14529683,0.03274435,0.06327624
756,0.10664449,0.14018422,0.17497265,0.234567,0.037733607,0.30589798
757,0.061766066,0.10688546,0.17886358,0.12539373,0.17063127,0.35645992
758,0.1032636,0.1965524,0.138438,0.33074576,0.040545017,0.19045521
759,0.15568036,0.12763676,0.20076826,0.23487553,0.04319215,0.23784693
760,0.29845133,0.15635537,0.07562062,0.24334411,0.17964335,0.046585187
761,0.024636345,0.22008155,0.07319126,0.08943181,0.19147754,0.40118155
762,0.16146956,0.14099824,0.05050576,0.061514497,0.2134347,0.37207732
763,0.113486096,0.16017602,0.19743244,0.19944625,0.108496316,0.22096293
764,0.23449886,0.19808109,0.059605323,0.091055594,0.25934353,0.15741563
765,0.17749348,0.1355093,0.35433218,0.18619807,0.035889395,0.11057755
766,0.022507923,0.31422257,0.1338004,0.10625448,0.10342473,0.31978983
767,0.24354132,0.18117176,0.19608852,0.1491566,0.039218854,0.19082296
768,0.021409484,0.16392386,0.223336,0.14013955,0.12950625,0.3216848
769,0.15043454,0.19763589,0.17439209,0.21289338,0.057175215,0.20746893
770,0.13925092,0.26059616,0.09208497,0.20194218,0.034156278,0.2719695
771,0.03788955,0.2969371,0.07366248,0.13440476,0.16017066,0.29693544
772,0.16262814,0.28548068,0.065143056,0.20796952,0.028989019,0.24978961
773,0.2138642,0.21735618,0.11436924,0.18390647,0.04021164,0.23029217
774,0.06663366,0.1927314,0.294369,0.29127362,0.029154038,0.12583828
775,0.022536242,0.102631785,0.39981356,0.1836497,0.1275915,0.16377717
776,0.044626333,0.28978276,0.1880461,0.2058346,0.05914518,0.21256496
777,0.2354457,0.22590752,0.11111814,0.20572814,0.12624891,0.09555149
778,0.25780398,0.2758256,0.15288608,0.15830655,0.05192668,0.103251114
779,0.017564861,0.27861053,0.3142555,0.23437348,0.0832057,0.07198995
780,0.24452634,0.26621833,0.05444412,0.06757294,0.21476962,0.15246864
781,0.040141847,0.20156306,0.20291203,0.17747404,0.117956735,0.25995228
782,0.27658263,0.12055641,0.21085359,0.13813566,0.063119434,0.19075236
783,0.285059,0.17725609,0.07878973,0.27196407,0.05789991,0.1290311
784,0.27484217,0.21554738,0.124263145,0.13809179,0.050352868,0.19690269
785,0.025338119,0.28511408,0.28790972,0.13584706,0.11503111,0.15075995
786,0.13500227,0.097013615,0.24125925,0.1379679,0.054847833,0.33390918
787,0.20632158,0.21293975,0.17024481,0.11871056,0.0664045,0.22537878
788,0.30978027,0.10510777,0.27791688,0.2082178,0.044808067,0.054169193
789,0.0299656,0.16450661,0.378587,0.21672776,0.12844403,0.081768975
790,0.19269548,0.2817313,0.05653992,0.12232616,0.18895517,0.15775199
791,0.21793354,0.31088316,0.09143171,0.10508174,0.023865717,0.25080416
792,0.22679828,0.15321313,0.16764434,0.16336963,0.062743865,0.22623073
793,0.11376214,0.332456,0.07624192,0.11501792,0.09951024,0.26301175
794,0.22857289,0.22019428,0.08797854,0.13313457,0.09356904,0.23655067
795,0.023121187,0.2290339,0.17623541,0.1321763,0.13628545,0.3031478
796,0.054607898,0.2393685,0.16141605,0.09981492,0.032596104,0.41219652
797,0.114296995,0.18500295,0.097572125,0.25484383,0.058503408,0.2897807
798,0.11607411,0.28776613,0.21244542,0.17279243,0.056467477,0.15445444
799,0.21742219,0.2452526,0.08626516,0.0951783,0.17518164,0.1807001
800,0.09872807,0.19612578,0.17741145,0.06433164,0.15816739,0.30523565
801,0.0158178,0.46854466,0.08794669,0.14574033,0.23056106,0.051389515
802,0.27858222,0.33020884,0.035465464,0.08010246,0.08581055,0.18983045
803,0.11830562,0.18765429,0.0654928,0.2253873,0.1439903,0.25916967
804,0.085657045,0.24669108,0.20020732,0.29502892,0.026707802,0.14570782
805,0.24799229,0.08870885,0.34126267,0.17344432,0.027454214,0.12113767
806,0.044687428,0.2968546,0.23240827,0.13091703,0.20845644,0.08667628
807,0.16614051,0.111293264,0.34462383,0.15238175,0.040657733,0.1849029
808,0.050869755,0.28208783,0.2648077,0.10609603,0.16923109,0.12690756
809,0.08146949,0.14696808,0.44058904,0.06460168,0.06480733,0.20156436
810,0.01521308,0.27886674,0.08952396,0.3549229,0.0443577,0.21711564
811,0.049105734,0.12925094,0.21348862,0.29648882,0.20348115,0.108184755
812,0.23922242,0.15240058,0.23090005,0.1947169,0.13114515,0.051614925
813,0.124622226,0.14204724,0.05799431,0.09287746,0.20530543,0.37715334
814,0.0587788,0.27133602,0.20511867,0.15771218,0.05665294,0.25040135
815,0.11142203,0.2598423,0.2167306,0.14662291,0.03527203,0.23011014
816,0.07245229,0.20376308,0.09533179,0.3340827,0.0282717,0.26609847
817,0.1786011,0.22172652,0.22272238,0.2092329,0.03716714,0.13054991
818,0.2700325,0.15562868,0.13544054,0.14750168,0.09919922,0.19219741
819,0.22631375,0.11745037,0.19559056,0.09766671,0.1513712,0.21160744
820,0.023253085,0.069791116,0.15533523,0.12484771,0.016764877,0.610008
821,0.2125105,0.20192231,0.12968986,0.057220817,0.19781277,0.20084377
822,0.2477853,0.20961416,0.07918385,0.19027774,0.15804145,0.11509746
823,0.2782919,0.08788146,0.32782692,0.22231989,0.025766125,0.057913747
824,0.03476517,0.17473848,0.26041976,0.21134213,0.06885844,0.24987604
825,0.13378677,0.21521254,0.14676596,0.17046133,0.093483225,0.24029015
826,0.02830173,0.1666738,0.20232746,0.2732884,0.041476853,0.28793177
827,0.2686474,0.21111272,0.32289767,0.09571014,0.0423369,0.059295136
828,0.14672993,0.26974133,0.15344521,0.098906726,0.1919766,0.1392002
829,0.053192083,0.19264945,0.17095071,0.2241195,0.09594,0.2631483
830,0.021349376,0.11007379,0.31784314,0.22498065,0.064257875,0.2614952
831,0.026615014,0.17674448,0.34013999,0.25313428,0.14447305,0.05889316
832,0.086792886,0.2708203,0.2388551,0.09690023,0.045644,0.26098755
833,0.0170434,0.12524514,0.31360805,0.09952801,0.2810472,0.16352817
834,0.04815131,0.21095769,0.24205032,0.17285742,0.15694475,0.1690385
835,0.04565674,0.23043856,0.27324933,0.20168751,0.15097412,0.09799374
836,0.28723162,0.11095027,0.14919555,0.11777935,0.12272467,0.21211854
837,0.3560523,0.11663848,0.15323623,0.16585086,0.040069036,0.16815308
838,0.29844892,0.1297462,0.195322,0.09326975,0.20554319,0.07766997
839,0.14078927,0.21933715,0.1147128,0.063026145,0.15240474,0.3097299
840,0.36983132,0.113748915,0.2226633,0.18025814,0.06825813,0.04524019
841,0.1448618,0.1539779,0.15302183,0.24850735,0.08865524,0.21097583
842,0.055648323,0.23798253,0.15852176,0.2877228,0.14945836,0.11066622
843,0.031528745,0.19262592,0.20329185,0.28020826,0.02291807,0.26942718
844,0.2680369,0.27686155,0.05104022,0.28885177,0.05757812,0.05763148
845,0.048042197,0.32064232,0.14403532,0.097523764,0.037024066,0.35273233
846,0.047998052,0.16308486,0.23444131,0.28867203,0.0359228,0.22988093
847,0.14825054,0.17284414,0.24546948,0.050833717,0.29393572,0.08866647
848,0.19987522,0.29584002,0.061698727,0.18245216,0.14897157,0.11116233
849,0.02514353,0.120167285,0.3351045,0.24968551,0.0353678,0.23453136
850,0.39930412,0.13732706,0.05514263,0.033150893,0.27273184,0.10234348
851,0.23125713,0.20523539,0.19919032,0.12292467,0.1887946,0.052597903
852,0.04792671,0.27632296,0.27848163,0.3052978,0.045559995,0.046410903
853,0.17832705,0.21706237,0.106901325,0.20627946,0.18153533,0.10989447
854,0.21836092,0.20491813,0.053833336,0.0497375,0.18045828,0.2926919
855,0.22877118,0.17192036,0.25152156,0.21855168,0.060702387,0.06853285
856,0.120742366,0.27652684,0.045987196,0.32330364,0.096396215,0.1370438
857,0.1899964,0.23527122,0.121292405,0.07313682,0.14009845,0.24020462
858,0.32206756,0.20178296,0.10274749,0.112426355,0.17187908,0.08909657
859,0.07576742,0.28946638,0.0505857,0.21683569,0.093820326,0.27352455
860,0.20366244,0.110911444,0.190563,0.09734527,0.15482506,0.24269284
861,0.0835063,0.20540597,0.27453992,0.16388856,0.18271321,0.08994606
862,0.030339343,0.20701295,0.22741547,0.2359661,0.08928218,0.20998393
863,0.12827316,0.23008592,0.09660005,0.10974246,0.1893852,0.24591324
864,0.2139787,0.2300678,0.1455333,0.12516867,0.057439655,0.22781189
865,0.015615628,0.20933172,0.36586398,0.20922899,0.12356339,0.07639637
866,0.022631371,0.3560711,0.021840459,0.18824717,0.011928569,0.39928123
867,0.07567369,0.26254448,0.1432997,0.2273434,0.20347527,0.08766349
868,0.24018243,0.1433321,0.118514754,0.1456132,0.10228847,0.25006905
869,0.043787286,0.11761932,0.38379166,0.11393955,0.27596033,0.064901814
870,0.093392484,0.20096883,0.098240346,0.32001132,0.19469121,0.09269581
871,0.30914742,0.14181015,0.15483135,0.12534188,0.18274084,0.086128406
872,0.086792186,0.11361914,0.28393385,0.15158969,0.079686694,0.28437844
873,0.29982963,0.22969933,0.1713046,0.0882757,0.08706371,0.12382704
874,0.017848626,0.12965356,0.36226028,0.076991655,0.18426752,0.22897838
875,0.10748389,0.17596476,0.13258575,0.23015408,0.1720935,0.181718
876,0.03858341,0.13256964,0.39056614,0.1548161,0.20146737,0.081997305
877,0.25241047,0.140706,0.1961334,0.19660632,0.17218189,0.04196191
878,0.035750832,0.28091475,0.24570501,0.17992583,0.19138825,0.06631533
879,0.13718474,0.21705402,0.059565965,0.15301289,0.18783937,0.245343
880,0.02600561,0.20860833,0.061647862,0.30153432,0.11958234,0.28262153
881,0.22854045,0.093552835,0.23263872,0.16109371,0.05293782,0.23123643
882,0.31227365,0.09839178,0.2031899,0.15111949,0.16521879,0.06980643
883,0.20646921,0.34513152,0.1195454,0.18022369,0.05219054,0.09643969
884,0.31361565,0.10390242,0.21567509,0.16503812,0.07084272,0.130926
885,0.06691418,0.11188386,0.32234168,0.08341716,0.13884988,0.27659324
886,0.22896865,0.26727903,0.14937705,0.16078545,0.110244155,0.08334562
887,0.5160344,0.08904863,0.111317396,0.08151543,0.07280879,0.12927532
888,0.11405013,0.30912188,0.09991822,0.28591686,0.02526436,0.16572855
889,0.17238641,0.110592686,0.2190343,0.19216955,0.18528987,0.12052716
890,0.24000062,0.09671275,0.16180776,0.06576887,0.087805435,0.34790456
891,0.04803655,0.09801237,0.21406037,0.048193604,0.14015938,0.4515377
892,0.021599554,0.1306115,0.25955197,0.244693,0.036965806,0.3065782
893,0.038992923,0.13135149,0.38452134,0.22796501,0.120662406,0.09650689
894,0.22727159,0.14239578,0.18508106,0.21638586,0.09707736,0.13178837
895,0.025604082,0.21924937,0.37871262,0.1588801,0.11780689,0.09974692
896,0.01739471,0.31295732,0.032818887,0.2010634,0.02575154,0.41001418
897,0.10050768,0.13458695,0.23493753,0.11695784,0.1579036,0.2551064
898,0.18003927,0.10946781,0.26051202,0.16965766,0.22419229,0.056130923
899,0.14523132,0.22609809,0.08135329,0.1610604,0.16355777,0.22269915
900,0.118433304,0.10632293,0.20999976,0.082350545,0.10444505,0.37844837
901,0.20046559,0.25270608,0.050670836,0.08441262,0.13350552,0.27823943
902,0.0456288,0.15655799,0.071869224,0.29283822,0.01967592,0.41342995
903,0.04168186,0.18221109,0.28723022,0.23302299,0.15752275,0.0983311
904,0.09664778,0.19053718,0.29579145,0.11636881,0.21585882,0.08479593
905,0.07045064,0.2196967,0.18776837,0.2233346,0.16148105,0.13726869
906,0.12330037,0.13625304,0.23121506,0.21223143,0.080776915,0.21622324
907,0.032711327,0.13264345,0.25502294,0.1634419,0.16206652,0.25411388
908,0.26298347,0.2569644,0.16857427,0.18753275,0.059075832,0.06486929
909,0.022429021,0.24054709,0.17816998,0.17667173,0.01596201,0.3662202
910,0.021074792,0.18609466,0.2707233,0.15935723,0.121634774,0.2411152
911,0.12745501,0.0912106,0.39392206,0.10784504,0.089731865,0.18983535
912,0.16882306,0.15444976,0.2293734,0.19764669,0.08890916,0.16079791
913,0.08738201,0.23847356,0.17540981,0.11450059,0.019348845,0.36488512
914,0.2209762,0.15070765,0.08552509,0.2032594,0.055705454,0.2838262
915,0.14153297,0.14526802,0.18604425,0.23584369,0.21362998,0.07768107
916,0.024263496,0.21610807,0.2076274,0.26972824,0.09868136,0.1835914
917,0.12995575,0.19134036,0.122535944,0.17411058,0.14843327,0.23362406
918,0.04967719,0.23383169,0.14881055,0.33794543,0.15723987,0.07249526
919,0.12065438,0.20599517,0.32457227,0.08814237,0.1900223,0.07061347
920,0.13180313,0.101810485,0.33763757,0.18488564,0.17363805,0.070225164
921,0.034342818,0.16957866,0.30628043,0.12800443,0.06430975,0.2974839
922,0.23870502,0.20984948,0.072788574,0.05226069,0.18198408,0.24441217
923,0.09884798,0.22795433,0.103133336,0.25633883,0.12345709,0.1902684
924,0.17611565,0.20179088,0.19486077,0.20470825,0.109967515,0.11255701
925,0.11810295,0.2119797,0.2686218,0.1453502,0.19977948,0.05616586
926,0.042280544,0.116834275,0.29363632,0.14838938,0.16143836,0.23742111
927,0.3919021,0.07730901,0.30763015,0.058574114,0.02313232,0.14145236
928,0.023151508,0.1629739,0.34675002,0.23129016,0.14401828,0.09181613
929,0.04712914,0.2743803,0.102112554,0.42348513,0.10427139,0.04862141
930,0.3394192,0.17898719,0.06604453,0.13962981,0.23191945,0.04399978
931,0.056310996,0.11538385,0.22841059,0.16321844,0.04589313,0.39078304
932,0.10142952,0.17546815,0.27002767,0.17957401,0.029364182,0.24413641
933,0.088884294,0.09970939,0.48839813,0.17689261,0.048001137,0.09811441
934,0.058401193,0.35451737,0.089419916,0.07930493,0.24600962,0.17234698
935,0.2699044,0.27224675,0.038293626,0.060731117,0.1827424,0.17608173
936,0.3081937,0.16649376,0.100782916,0.069311254,0.15986471,0.19535366
937,0.017563228,0.17786577,0.24581541,0.24143714,0.20654282,0.11077564
938,0.21797313,0.22026159,0.17250653,0.16562404,0.048395716,0.17523907
939,0.030358497,0.15992868,0.22927375,0.44408625,0.081016235,0.055336528
940,0.20663565,0.2680533,0.06354637,0.14746521,0.041014574,0.27328488
941,0.20033833,0.10458916,0.3152025,0.18361066,0.09090186,0.105357505
942,0.016583199,0.25291735,0.27426815,0.17392072,0.19851266,0.08379791
943,0.040520575,0.15417345,0.33232185,0.23704734,0.15414396,0.08179282
944,0.089361794,0.13485074,0.15833609,0.12219608,0.11399671,0.3812586
945,0.3605965,0.27859804,0.036132123,0.093246564,0.154801,0.07662575
946,0.2775565,0.09925597,0.3282225,0.15035392,0.100079276,0.044531852
947,0.04752137,0.14900988,0.33819523,0.27836344,0.11901299,0.06789713
948,0.1899121,0.2475431,0.06700643,0.1457524,0.23187438,0.11791155
949,0.12028169,0.23901784,0.27888033,0.15692034,0.14523949,0.059660323
950,0.036008947,0.17150703,0.2525329,0.23581448,0.13318284,0.17095381
951,0.14548957,0.12370603,0.21761768,0.047622666,0.09985712,0.365707
952,0.021759648,0.102575734,0.3325707,0.16008152,0.15316647,0.22984594
953,0.2751627,0.089824855,0.24733013,0.121966094,0.036238063,0.22947814
954,0.111181885,0.20689175,0.19564576,0.06520502,0.20586687,0.21520866
955,0.10132824,0.31738055,0.064822815,0.4088143,0.054006387,0.053647697
956,0.221975,0.22118607,0.07734204,0.07235659,0.124920696,0.28221956
957,0.18000746,0.2767668,0.05861353,0.1046781,0.14608124,0.23385286
958,0.38044313,0.2595962,0.050122958,0.22320284,0.05197298,0.034661856
959,0.04865891,0.27433562,0.13482094,0.3161717,0.022421138,0.20359169
960,0.043626834,0.09351255,0.34785253,0.056596708,0.016718486,0.44169295
961,0.04532451,0.15111923,0.15940487,0.051547416,0.05916176,0.53344226
962,0.12407649,0.16780718,0.1116899,0.15790026,0.12899294,0.30953324
963,0.03735627,0.20885745,0.06958946,0.32575312,0.018141635,0.3403021
964,0.0993807,0.1622919,0.25172895,0.09331184,0.17185168,0.2214349
965,0.15966994,0.23424645,0.11893316,0.23800041,0.1067257,0.14242432
966,0.2826007,0.13082208,0.3255059,0.08782786,0.11852639,0.054717053
967,0.12216718,0.15493627,0.23901467,0.27080774,0.17666763,0.03640652
968,0.15230894,0.25531912,0.17599046,0.10031897,0.06699001,0.2490725
969,0.28023964,0.15287459,0.17150493,0.05303816,0.20960735,0.13273537
970,0.16041516,0.25785264,0.270361,0.18928762,0.060928233,0.061155353
971,0.077386096,0.22306038,0.18465689,0.3041759,0.12095494,0.08976581
972,0.081066206,0.24154499,0.10756645,0.21978243,0.06506163,0.2849783
973,0.15364005,0.37979543,0.12576982,0.20177412,0.033334587,0.10568601
974,0.019335186,0.3799185,0.07190628,0.25389147,0.19463556,0.080312945
975,0.13922009,0.2590807,0.09087482,0.090914555,0.25356513,0.16634467
976,0.33343545,0.16978474,0.08912059,0.10910639,0.2087975,0.089755364
977,0.033096794,0.2635243,0.08811759,0.063782625,0.25950572,0.291973
978,0.2869293,0.07583355,0.31242272,0.13399969,0.07844376,0.11237092
979,0.03470013,0.29788762,0.066329986,0.15872203,0.053026732,0.38933352
980,0.19667146,0.29664463,0.076786056,0.08058182,0.20308311,0.14623289
981,0.025588758,0.24140076,0.15750355,0.20113619,0.14949904,0.22487167
982,0.24014343,0.23509113,0.07105244,0.093007565,0.2160921,0.14461337
983,0.4806726,0.111218765,0.10745743,0.10952227,0.14204045,0.049088463
984,0.24180722,0.25538874,0.079428606,0.05850043,0.19134364,0.17353135
985,0.06880319,0.104809456,0.42773733,0.12673761,0.2024326,0.06947979
986,0.068519585,0.13792425,0.23570162,0.24959429,0.026072238,0.282188
987,0.25587946,0.12495319,0.18889768,0.25643766,0.04553399,0.12829797
988,0.12742311,0.29321823,0.119808994,0.15109749,0.034028605,0.27442363
989,0.18666297,0.18923815,0.23635457,0.11333695,0.032442015,0.24196535
990,0.07631185,0.17511557,0.14442109,0.2235141,0.15836559,0.22227183
991,0.4178779,0.11098834,0.16426538,0.08244573,0.07948388,0.14493881
992,0.013452752,0.37811273,0.074259095,0.34361237,0.15348004,0.037083074
993,0.05129926,0.2741767,0.12725484,0.23424089,0.1908557,0.1221727
994,0.070313886,0.21578039,0.21368462,0.24588493,0.04703644,0.20729977
995,0.22541505,0.2824225,0.1738982,0.09857645,0.025303457,0.19438432
996,0.08299683,0.2308477,0.2397593,0.17899491,0.17747639,0.08992489
997,0.033246715,0.10295046,0.3693994,0.24570741,0.2105639,0.03813216
998,0.08259609,0.18522051,0.23797964,0.14291154,0.11499645,0.23629579
999,0.20068583,0.21129735,0.15164763,0.11639691,0.10671613,0.21325615
