,VA,AV,BA,HS,FI,IM
0,0.22608554,0.13053904,0.24587153,0.25121942,0.09884713,0.04743731
1,0.047153264,0.11385909,0.23303132,0.022797765,0.275516,0.30764252
2,0.57960194,0.16604595,0.06949315,0.024792815,0.11160066,0.04846552
3,0.046118814,0.11933917,0.19551887,0.22781134,0.27322245,0.13798934
4,0.15059505,0.19359265,0.07714787,0.047765624,0.26429936,0.2665995
5,0.085467994,0.23609497,0.13858356,0.15944012,0.17665184,0.20376153
6,0.26738748,0.2338738,0.037868436,0.24613816,0.12084482,0.09388731
7,0.20171507,0.16786425,0.16752721,0.15432273,0.100824654,0.20774607
8,0.07083007,0.042989124,0.036218572,0.21399434,0.27951494,0.35645294
9,0.15481938,0.1642211,0.2644219,0.105300725,0.059053827,0.25218305
10,0.04301676,0.20346265,0.30235228,0.11939222,0.061560076,0.27021605
11,0.019941492,0.07327486,0.19483574,0.21503216,0.2763739,0.22054178
12,0.27087635,0.113597594,0.07697221,0.13469756,0.1947483,0.20910804
13,0.10015822,0.11440577,0.11824318,0.3312899,0.033234637,0.3026683
14,0.037981093,0.26621252,0.25401077,0.10408356,0.051084578,0.2866275
15,0.022070026,0.3003225,0.24137525,0.22791062,0.084966384,0.12335527
16,0.02341511,0.038917497,0.2806561,0.2583485,0.14133966,0.25732315
17,0.027940677,0.30935213,0.28705347,0.23365791,0.108763225,0.033232562
18,0.036791522,0.41333714,0.094346456,0.043799672,0.3834695,0.028255694
19,0.2512835,0.166889,0.029128743,0.23096745,0.26630762,0.055423707
20,0.047771778,0.2680464,0.048469458,0.073488586,0.3829179,0.17930587
21,0.28881374,0.1722178,0.048834756,0.18375297,0.13361636,0.17276438
22,0.027565645,0.0675482,0.253168,0.19140387,0.29345393,0.16686036
23,0.01714962,0.057044774,0.1952606,0.3960143,0.059566606,0.27496412
24,0.26933706,0.16724747,0.21330369,0.04801327,0.16269977,0.13939874
25,0.0430958,0.12310564,0.15299715,0.29265475,0.34252596,0.045620676
26,0.3483291,0.022371413,0.20824128,0.024061479,0.10702294,0.28997377
27,0.035016242,0.044781804,0.22674735,0.1399414,0.34131277,0.21220045
28,0.04177781,0.23504473,0.160703,0.22819124,0.14473079,0.18955244
29,0.23116954,0.2507507,0.06262863,0.19353974,0.23272973,0.029181665
30,0.15441413,0.27191275,0.23734735,0.25115526,0.032388832,0.052781697
31,0.12255619,0.10653012,0.15530902,0.14501978,0.20198637,0.26859853
32,0.16416292,0.05315834,0.06961367,0.2230978,0.27003312,0.21993417
33,0.11598133,0.23775066,0.14496067,0.2494704,0.04357426,0.20826268
34,0.05084188,0.06304676,0.36956826,0.08108223,0.03280489,0.40265596
35,0.10475615,0.06596335,0.30895522,0.058722157,0.13378789,0.3278152
36,0.17420296,0.23137353,0.21172695,0.093164645,0.23805256,0.05147934
37,0.11282001,0.13444728,0.10912019,0.13427913,0.28617132,0.2231621
38,0.016992912,0.24191229,0.23254894,0.04732297,0.16796052,0.2932624
39,0.3070908,0.121205665,0.08258406,0.1362793,0.3036159,0.049224254
40,0.17401455,0.16403408,0.17945789,0.13481899,0.16581014,0.18186438
41,0.08380785,0.29689497,0.096410215,0.34777975,0.13310935,0.041997854
42,0.042318642,0.20084624,0.2474816,0.27423567,0.13596983,0.099148005
43,0.1646086,0.22746642,0.17661111,0.18941118,0.09912729,0.1427754
44,0.06444979,0.07159311,0.07326033,0.2948232,0.23156297,0.26431063
45,0.25042945,0.046965912,0.2832591,0.09033819,0.15532328,0.17368408
46,0.2092032,0.09565854,0.4563283,0.12383761,0.08715126,0.027821047
47,0.352717,0.04154307,0.066012494,0.02402696,0.14610527,0.3695952
48,0.09381183,0.09651253,0.22501229,0.2645398,0.25412866,0.06599487
49,0.21729796,0.084090225,0.04242477,0.08310843,0.2880013,0.28507724
50,0.21708973,0.15405132,0.19447714,0.05699995,0.2897047,0.08767715
51,0.29369733,0.26487496,0.08546453,0.24972992,0.058647174,0.04758605
52,0.08401841,0.21016437,0.21096484,0.10555307,0.30112052,0.088178776
53,0.18620348,0.21453209,0.18285877,0.21037793,0.078963704,0.12706408
54,0.1054016,0.16839159,0.2118706,0.2337957,0.20857702,0.07196351
55,0.29602006,0.12361605,0.09987935,0.26438737,0.12166301,0.094434164
56,0.056692377,0.4319966,0.08988383,0.11737657,0.05460045,0.24945013
57,0.15496565,0.09145829,0.08840326,0.26274943,0.30406377,0.09835961
58,0.21778946,0.06798875,0.23945802,0.12217335,0.31692997,0.035660494
59,0.13086908,0.10269933,0.19491392,0.06154242,0.24992287,0.26005238
60,0.089638166,0.06827731,0.368121,0.38697013,0.037286278,0.049707163
61,0.17454998,0.23542763,0.25797775,0.043486476,0.23709859,0.051459577
62,0.1429626,0.25562462,0.13492641,0.13846742,0.28416845,0.043850493
63,0.026157277,0.2155699,0.17891212,0.20586343,0.33245653,0.04104072
64,0.123384714,0.28725556,0.03429621,0.25105396,0.052753124,0.25125647
65,0.30845177,0.1359899,0.10122094,0.045970377,0.35820338,0.05016363
66,0.021297269,0.3902862,0.14193419,0.22386302,0.13589905,0.086720295
67,0.22477996,0.20930438,0.2163772,0.062368553,0.22672439,0.060445506
68,0.048246738,0.16951245,0.20412235,0.30110618,0.06215496,0.21485734
69,0.1363979,0.039357617,0.10966589,0.111087866,0.34015998,0.26333073
70,0.31940058,0.18591666,0.12011465,0.023653775,0.042895615,0.3080187
71,0.14478046,0.19338559,0.096928574,0.21453287,0.23152028,0.11885228
72,0.20239532,0.25373888,0.24067988,0.18328093,0.06736607,0.052538943
73,0.12023637,0.14125103,0.027357722,0.29098475,0.20025945,0.2199107
74,0.24671967,0.14755091,0.16511174,0.15569967,0.15253334,0.13238467
75,0.2540316,0.035572294,0.14807974,0.038624585,0.35841298,0.16527878
76,0.11194572,0.10220071,0.25155196,0.048181206,0.20123522,0.28488517
77,0.08463474,0.2950927,0.14955337,0.055471424,0.34056982,0.07467793
78,0.02609582,0.03327864,0.036233004,0.3936398,0.1969489,0.31380382
79,0.27896133,0.10721022,0.06770062,0.034433868,0.356457,0.15523696
80,0.19125819,0.21460074,0.18121032,0.1407982,0.110415064,0.16171749
81,0.049111802,0.1750937,0.049808666,0.18362248,0.34111202,0.20125139
82,0.17554528,0.07979997,0.15602061,0.1116437,0.23101549,0.24597497
83,0.19181801,0.20999794,0.13925914,0.06531014,0.17852251,0.2150923
84,0.048528533,0.07730541,0.29465306,0.050516855,0.24945934,0.2795368
85,0.17283793,0.13288587,0.22330546,0.2303166,0.1633168,0.07733731
86,0.22840184,0.12254756,0.22585249,0.11176867,0.065149404,0.24628001
87,0.059435364,0.26984537,0.18051253,0.19936621,0.07807621,0.21276432
88,0.24655093,0.19117808,0.12548658,0.117876805,0.13846214,0.18044543
89,0.27344257,0.35467687,0.036049988,0.18621384,0.1052857,0.044331085
90,0.025216237,0.07816731,0.25884628,0.13652952,0.3612534,0.13998725
91,0.16732156,0.18629093,0.18409593,0.12811954,0.061523702,0.2726483
92,0.25015482,0.12476494,0.27412853,0.02264855,0.03444988,0.29385325
93,0.020999206,0.19167234,0.2157857,0.20797236,0.17665927,0.1869111
94,0.04134338,0.065966554,0.24234255,0.18175618,0.28307596,0.18551534
95,0.29000977,0.17845821,0.06333497,0.11695108,0.26575193,0.085494034
96,0.2433778,0.036678135,0.053868245,0.25673148,0.10162861,0.30771568
97,0.0967868,0.32479024,0.20854259,0.24988447,0.07346909,0.0465268
98,0.20098542,0.2641792,0.30037442,0.050379913,0.06355032,0.12053075
99,0.04580735,0.295323,0.07381734,0.054861616,0.50372726,0.026463434
100,0.14216651,0.21654923,0.1474845,0.14821006,0.1768424,0.16874726
101,0.016007906,0.08332748,0.08517135,0.26860282,0.28081912,0.26607132
102,0.03927912,0.27843174,0.0372873,0.22561543,0.021218918,0.3981675
103,0.11079103,0.15481295,0.11785546,0.2925913,0.25112882,0.07282043
104,0.043965857,0.051673878,0.219799,0.56814176,0.0586181,0.0578014
105,0.077124454,0.04982772,0.19269194,0.40502605,0.05131413,0.2240157
106,0.25491688,0.27939042,0.14902182,0.09869019,0.1820627,0.035917964
107,0.36107197,0.25106958,0.02525643,0.24370271,0.060892448,0.058006797
108,0.035887007,0.23503435,0.13756664,0.25635293,0.104205556,0.23095347
109,0.14798462,0.22213025,0.21941186,0.13509105,0.09898767,0.17639454
110,0.17034377,0.2551162,0.14957716,0.16917025,0.18524623,0.07054646
111,0.19929314,0.2010194,0.050586503,0.15231021,0.21478128,0.1820095
112,0.1072057,0.2372164,0.10493889,0.30261302,0.12406617,0.12395985
113,0.10599086,0.0513965,0.1942616,0.087565154,0.2992978,0.26148808
114,0.057298567,0.28098813,0.22833271,0.18748723,0.08007417,0.16581921
115,0.044578746,0.18684436,0.12858833,0.17817414,0.046284962,0.41552946
116,0.19431919,0.23647904,0.2583957,0.1841578,0.07825249,0.04839574
117,0.032761194,0.2174381,0.2925663,0.053642735,0.11933442,0.28425726
118,0.021479674,0.05890883,0.18488272,0.2950808,0.24360383,0.19604416
119,0.22170903,0.19341737,0.109067105,0.23448943,0.12369412,0.117622934
120,0.076755546,0.06301722,0.08618926,0.042803,0.22930121,0.50193375
121,0.23530906,0.2567557,0.124714255,0.2664464,0.046172023,0.07060255
122,0.1249123,0.3592,0.1081442,0.075085945,0.28232813,0.050329387
123,0.1923785,0.1890664,0.20208919,0.04121315,0.18448205,0.19077073
124,0.03765708,0.24420707,0.10697764,0.31803963,0.24470109,0.048417497
125,0.24813753,0.19224198,0.19145234,0.120665155,0.2051791,0.04232393
126,0.10077658,0.20937538,0.26324034,0.19106098,0.20141862,0.034128074
127,0.12977578,0.21567617,0.04659176,0.4217511,0.09611994,0.090085246
128,0.28166828,0.12214551,0.25551274,0.044518534,0.047393996,0.24876098
129,0.041353453,0.28898063,0.030960204,0.1460396,0.4189316,0.0737345
130,0.085012935,0.13747028,0.15994555,0.2940159,0.090667866,0.23288745
131,0.07912248,0.30736268,0.13638313,0.09547615,0.28781712,0.09383845
132,0.12429309,0.0736857,0.18855067,0.03656673,0.23645179,0.34045205
133,0.028658569,0.17761292,0.38819775,0.21189012,0.09066347,0.102977194
134,0.070942454,0.3205144,0.033421583,0.32234257,0.15530165,0.09747737
135,0.17471951,0.09148719,0.19354536,0.12958236,0.2897786,0.12088703
136,0.041235324,0.018138668,0.026456632,0.017275952,0.28788224,0.6090112
137,0.027212135,0.0657552,0.2374757,0.22680181,0.20085102,0.2419041
138,0.11424593,0.16429712,0.1635537,0.13363697,0.1999117,0.22435457
139,0.07677416,0.05227256,0.27230638,0.2868308,0.2817644,0.03005164
140,0.07841492,0.035500303,0.017518247,0.019893797,0.3502352,0.49843755
141,0.12060184,0.25988266,0.041821275,0.18933938,0.26544538,0.122909464
142,0.15266104,0.170457,0.109355174,0.1628939,0.24193232,0.16270058
143,0.07563344,0.26650786,0.37303984,0.14070646,0.0378322,0.106280155
144,0.25550887,0.20073621,0.18136756,0.06418074,0.058547765,0.2396589
145,0.2062477,0.22281426,0.071307026,0.25068226,0.036381643,0.21256709
146,0.12561595,0.08997456,0.052572507,0.2668889,0.19196242,0.27298567
147,0.1664465,0.234761,0.2153605,0.2160639,0.04728328,0.12008482
148,0.16084267,0.29689622,0.17259355,0.11463805,0.117966294,0.13706319
149,0.033621173,0.091022305,0.08615405,0.46526158,0.29885808,0.025082797
150,0.20128842,0.20548822,0.2100511,0.06473145,0.12131805,0.19712277
151,0.034031034,0.070541464,0.113653906,0.22372831,0.29051998,0.2675253
152,0.03345073,0.13547915,0.09827999,0.23088032,0.28831598,0.21359383
153,0.17198479,0.060309995,0.20604523,0.24816151,0.13929415,0.1742043
154,0.033227615,0.10992537,0.16840862,0.22392274,0.2153672,0.24914844
155,0.02128523,0.19779962,0.2027722,0.29546478,0.04778877,0.23488943
156,0.06654486,0.14499485,0.14628126,0.2561014,0.21392588,0.17215173
157,0.22820616,0.067155816,0.20227166,0.021521209,0.26707038,0.2137748
158,0.18070556,0.2710737,0.15062197,0.13864706,0.09644735,0.16250436
159,0.08815789,0.073595785,0.11881121,0.22920634,0.19259965,0.29762912
160,0.22581564,0.14153837,0.100569576,0.14544098,0.35117722,0.03545822
161,0.20286947,0.15487194,0.2643637,0.102535546,0.13418294,0.14117639
162,0.20271163,0.07391566,0.17979336,0.329247,0.03285943,0.1814729
163,0.36010614,0.14764802,0.027675876,0.042182412,0.39022473,0.032162793
164,0.21711355,0.1763364,0.21495967,0.07126815,0.12679116,0.19353111
165,0.26335624,0.07265341,0.3689517,0.06035046,0.20084335,0.033844788
166,0.21794677,0.18277861,0.06720078,0.35127804,0.095744394,0.08505139
167,0.16477002,0.112880826,0.094785385,0.19765146,0.2623326,0.16757977
168,0.20412582,0.06854127,0.15546302,0.21000113,0.14105742,0.22081132
169,0.11493381,0.2773459,0.28397313,0.051913362,0.24649608,0.025337696
170,0.099161886,0.1216316,0.22566313,0.26134,0.036686,0.2555174
171,0.09094241,0.21067584,0.104530446,0.22729266,0.18944645,0.17711222
172,0.05761682,0.26905712,0.16484915,0.044526726,0.34845605,0.115494095
173,0.20622955,0.16463394,0.15483902,0.19004925,0.15628384,0.12796438
174,0.25719258,0.37057495,0.04069925,0.042034056,0.1919577,0.09754145
175,0.021868711,0.18437248,0.23392336,0.25170144,0.16988611,0.13824795
176,0.021278622,0.06420129,0.20232843,0.10862305,0.29214957,0.31141898
177,0.035057817,0.110087834,0.3620907,0.2072038,0.24084233,0.04471753
178,0.026216147,0.21092522,0.10149875,0.08574075,0.31544793,0.26017126
179,0.12867153,0.15616989,0.29033354,0.02772866,0.04458591,0.35251042
180,0.11257049,0.10794858,0.29492104,0.32259867,0.04065456,0.12130671
181,0.26744965,0.13590246,0.08487427,0.02665927,0.25566545,0.22944891
182,0.038512293,0.09573098,0.18248962,0.3429606,0.19646488,0.14384158
183,0.1709537,0.19934314,0.16188146,0.3079506,0.041709762,0.11816133
184,0.22767909,0.14137937,0.059059676,0.040315833,0.32606298,0.20550306
185,0.024242157,0.17052865,0.2275884,0.28815147,0.24845743,0.041031856
186,0.20587216,0.04223601,0.25077662,0.15688813,0.20842,0.13580708
187,0.40544498,0.1334012,0.24555366,0.018520067,0.14652057,0.050559506
188,0.10161962,0.20724799,0.25883952,0.22924928,0.11308845,0.08995517
189,0.27048254,0.2367671,0.12392056,0.20691288,0.058839273,0.10307764
190,0.14365281,0.21190953,0.0391285,0.24152601,0.108162396,0.25562075
191,0.034680787,0.24234335,0.12807511,0.13972041,0.2551262,0.20005415
192,0.1301644,0.14042024,0.15061177,0.24097629,0.23314159,0.10468567
193,0.16463877,0.15629485,0.13648666,0.17905897,0.2405544,0.12296629
194,0.26597345,0.073061556,0.11177657,0.15115042,0.17474549,0.22329254
195,0.05665386,0.27308604,0.30087754,0.14469749,0.16826211,0.05642296
196,0.085889675,0.20985442,0.22217399,0.11400675,0.11917249,0.24890263
197,0.070380755,0.073468335,0.15920722,0.2091952,0.31553888,0.1722096
198,0.03196642,0.25063786,0.22229046,0.16889358,0.105463274,0.22074838
199,0.19258058,0.18279569,0.08817356,0.20228164,0.15268545,0.18148309
200,0.024648912,0.25193354,0.082250506,0.36724386,0.14208777,0.13183539
201,0.18801641,0.15407673,0.03474975,0.18909544,0.22618295,0.20787875
202,0.19985981,0.19088554,0.10824054,0.25853565,0.06061006,0.18186842
203,0.035910744,0.39430508,0.29742718,0.037512265,0.18209559,0.05274913
204,0.25450122,0.03646315,0.1651218,0.18373613,0.19296664,0.16721106
205,0.13687867,0.028549053,0.08949862,0.27668694,0.24858464,0.21980207
206,0.21895671,0.16319217,0.16364674,0.032865215,0.21550316,0.20583601
207,0.2640425,0.17818344,0.042750567,0.2325269,0.13701276,0.14548384
208,0.060195565,0.26996002,0.20856857,0.14375038,0.1404561,0.17706932
209,0.12670927,0.31330106,0.17975628,0.070194714,0.13359468,0.176444
210,0.12106475,0.23166585,0.1701061,0.113195024,0.10868407,0.25528422
211,0.1111055,0.15547423,0.2562591,0.2736574,0.10597179,0.09753195
212,0.15286212,0.12108436,0.118784845,0.222781,0.11657491,0.26791278
213,0.26275575,0.045143843,0.13716167,0.08745026,0.24813282,0.21935564
214,0.22732484,0.23926795,0.115402915,0.13245796,0.14367539,0.14187098
215,0.13674618,0.284973,0.029601263,0.16419719,0.30158198,0.08290043
216,0.13109808,0.24177282,0.10044696,0.16466676,0.2708472,0.0911682
217,0.14329009,0.11625999,0.046619356,0.21941818,0.13499714,0.33941522
218,0.12557095,0.17999679,0.060516175,0.15553467,0.3579371,0.12044433
219,0.14810668,0.05152747,0.06981727,0.19597763,0.2836616,0.25090936
220,0.24399132,0.15042607,0.21915257,0.08341488,0.074586034,0.22842908
221,0.17993271,0.4083971,0.04349899,0.13443954,0.13948156,0.094250076
222,0.17512707,0.062021196,0.18473971,0.08675942,0.26180965,0.22954293
223,0.15071388,0.19773507,0.063614495,0.2952199,0.0766624,0.21605422
224,0.10382726,0.24452285,0.22877043,0.25159496,0.0808727,0.09041178
225,0.36394104,0.030590018,0.23564047,0.014780196,0.06979543,0.2852529
226,0.2171833,0.040091883,0.14666669,0.08346307,0.15750965,0.35508546
227,0.09811145,0.2610035,0.044500496,0.039814577,0.20103067,0.35553923
228,0.059323225,0.16209936,0.21916716,0.2330422,0.08325731,0.2431107
229,0.37863222,0.099839754,0.061034534,0.049114432,0.17585582,0.23552324
230,0.1996494,0.21333806,0.08022109,0.15533136,0.21657132,0.13488881
231,0.039056186,0.25164196,0.06594629,0.3073355,0.24337928,0.09264088
232,0.19130732,0.24282728,0.035331745,0.08614749,0.21310008,0.2312861
233,0.1155043,0.11032892,0.23614527,0.29512224,0.13346069,0.109438606
234,0.2208727,0.053869683,0.22513008,0.217816,0.23724681,0.04506473
235,0.13216971,0.22767647,0.044193897,0.21576984,0.23251171,0.14767833
236,0.10935087,0.038020786,0.030127173,0.39707026,0.29177555,0.13365538
237,0.15487444,0.05449665,0.26843217,0.14685397,0.12890443,0.24643834
238,0.17126141,0.052006453,0.21168506,0.03721114,0.24716888,0.28066704
239,0.11933144,0.20599826,0.09556329,0.20245445,0.22175999,0.15489255
240,0.31332162,0.23457046,0.10832232,0.08085349,0.18980096,0.07313117
241,0.29000103,0.2610158,0.12393079,0.2439568,0.047689795,0.03340577
242,0.113501854,0.17908259,0.122582495,0.26839802,0.05069356,0.26574144
243,0.061944064,0.30075514,0.17139132,0.30127108,0.058634046,0.106004335
244,0.037821196,0.21211709,0.17434569,0.22569625,0.16461124,0.18540849
245,0.08509461,0.07160702,0.24044238,0.2325577,0.20172165,0.16857661
246,0.127752,0.17156994,0.04327785,0.2245893,0.19915253,0.23365836
247,0.20999445,0.25262365,0.13380323,0.06757601,0.047713045,0.28828964
248,0.04413651,0.14132659,0.29551393,0.22352998,0.22941072,0.06608231
249,0.060103476,0.06566739,0.29402104,0.23696004,0.15544319,0.18780486
250,0.077336125,0.06871035,0.19059426,0.1721652,0.30560318,0.18559091
251,0.10039159,0.06990651,0.3028421,0.19284016,0.29875854,0.03526109
252,0.24272688,0.2775829,0.1586573,0.0873797,0.040157814,0.19349547
253,0.12920386,0.20831569,0.2616721,0.13646053,0.13788037,0.12646748
254,0.07886777,0.15153684,0.2503345,0.0715716,0.3354745,0.1122148
255,0.02465382,0.1402589,0.13129319,0.28670022,0.15489645,0.2621974
256,0.14233457,0.06748956,0.043951094,0.32233086,0.27147043,0.15242343
257,0.17234276,0.2037016,0.027011441,0.23381372,0.3041894,0.058941036
258,0.0791883,0.30019045,0.08749201,0.075633325,0.23497069,0.22252522
259,0.06512002,0.2622026,0.1484853,0.117683984,0.13882995,0.26767814
260,0.3075273,0.25949368,0.18033516,0.14971988,0.034104202,0.06881978
261,0.022151388,0.21187492,0.06587737,0.23850007,0.24530764,0.21628858
262,0.26747262,0.20318143,0.26532194,0.029506817,0.15143205,0.08308514
263,0.10420675,0.08214799,0.029298091,0.21455719,0.32321295,0.24657702
264,0.19406569,0.22117229,0.21252163,0.037097912,0.19440232,0.14074014
265,0.15891951,0.1696592,0.05051771,0.051295236,0.25667462,0.31293374
266,0.30280426,0.14644353,0.14974461,0.2361056,0.112047054,0.052854944
267,0.115134485,0.29938135,0.11256852,0.107472576,0.20001428,0.16542882
268,0.21256049,0.24098301,0.12504654,0.19641571,0.13809659,0.08689767
269,0.1798808,0.08077764,0.1430315,0.28910092,0.14915688,0.15805227
270,0.3042872,0.22076662,0.041036468,0.055672396,0.050075192,0.32816216
271,0.15494071,0.24775653,0.11807319,0.10790225,0.33505893,0.036268365
272,0.054395977,0.09442889,0.3125852,0.20440905,0.20548834,0.12869255
273,0.20896798,0.15048926,0.20716953,0.16697352,0.11025005,0.1561497
274,0.18979967,0.12397414,0.11925027,0.24062447,0.24720138,0.07915009
275,0.07090553,0.19597451,0.27209476,0.061021447,0.2945052,0.10549858
276,0.12499511,0.061714847,0.36011353,0.17571324,0.19083758,0.08662566
277,0.12878673,0.15898661,0.10312567,0.22594754,0.18214637,0.20100705
278,0.073284335,0.13803943,0.06278847,0.27513313,0.14928985,0.30146477
279,0.16569783,0.25757667,0.10240975,0.08155856,0.19085245,0.20190471
280,0.017382583,0.07922766,0.4974315,0.1427928,0.031669695,0.23149578
281,0.033091497,0.29372483,0.15180814,0.1255399,0.20474164,0.19109398
282,0.21772683,0.24105203,0.19913457,0.10090587,0.08068324,0.16049746
283,0.04211888,0.24105807,0.24002294,0.070033915,0.32414845,0.08261771
284,0.10064133,0.2536007,0.040111255,0.21497391,0.17219675,0.21847606
285,0.13079296,0.28681335,0.03226779,0.21294592,0.20560662,0.13157333
286,0.1320921,0.08157697,0.091258235,0.17447563,0.20841646,0.3121806
287,0.03393015,0.2703414,0.03537292,0.09062356,0.3759675,0.19376443
288,0.20394129,0.21608202,0.06630266,0.19730969,0.079404615,0.23695974
289,0.15827522,0.21460171,0.17158775,0.19572915,0.18309218,0.07671402
290,0.07439279,0.06571453,0.19586597,0.16491699,0.37056282,0.1285469
291,0.15371935,0.22621383,0.14309566,0.26917282,0.114645965,0.0931524
292,0.18277211,0.22100909,0.21360219,0.049313504,0.22446597,0.10883713
293,0.23598106,0.09423781,0.0703136,0.09624656,0.28455818,0.21866274
294,0.024485977,0.023316866,0.07284164,0.46977857,0.04651165,0.36306527
295,0.09009078,0.050130296,0.027971389,0.19876854,0.06833962,0.56469935
296,0.07630267,0.2285174,0.037775237,0.16064416,0.22853972,0.2682208
297,0.075397596,0.3056027,0.060669582,0.29920256,0.05354924,0.20557834
298,0.04756893,0.35209405,0.033920128,0.06814652,0.3495488,0.14872156
299,0.035485785,0.25957033,0.12567317,0.19074082,0.12282031,0.2657096
300,0.21873505,0.13567258,0.18709876,0.19414806,0.065876596,0.19846892
301,0.15363215,0.09848989,0.04938789,0.21767507,0.26802123,0.21279375
302,0.2748368,0.06939701,0.22811687,0.26309407,0.05078839,0.11376683
303,0.21233529,0.36677715,0.026768023,0.28971866,0.04324326,0.061157595
304,0.16383184,0.22581291,0.13020402,0.19242476,0.11959225,0.16813423
305,0.046388168,0.2776585,0.21372466,0.14554179,0.15700985,0.15967707
306,0.14962828,0.27534828,0.1424095,0.20521623,0.056425173,0.17097253
307,0.08102961,0.1450743,0.04711857,0.16065474,0.2904804,0.27564237
308,0.18509698,0.1740638,0.20515184,0.15936776,0.101923995,0.17439567
309,0.1586935,0.23529583,0.11304974,0.04901344,0.25514564,0.18880188
310,0.08377883,0.18758707,0.03483146,0.22946139,0.40862194,0.055719387
311,0.21244757,0.081746034,0.31699324,0.09215907,0.2360337,0.060620364
312,0.114736706,0.05461651,0.16963,0.27728763,0.14496255,0.23876657
313,0.035981365,0.21569842,0.25668406,0.20787717,0.1056514,0.17810751
314,0.20237742,0.23685767,0.062058095,0.12063699,0.14793412,0.23013574
315,0.09215256,0.027563022,0.092357755,0.5196615,0.21770799,0.050557196
316,0.057366014,0.17173378,0.07839619,0.17571175,0.2705429,0.2462494
317,0.042732928,0.111105435,0.19746883,0.11557812,0.2641685,0.2689462
318,0.06824725,0.42315683,0.16114357,0.05031449,0.19458379,0.10255409
319,0.025632896,0.23007983,0.39701018,0.0911342,0.09577435,0.16036852
320,0.092814066,0.09682828,0.21091612,0.25963864,0.107780755,0.23202217
321,0.018311655,0.10669095,0.36051264,0.18918908,0.08434775,0.24094786
322,0.024171973,0.14595513,0.20378225,0.28476498,0.26668343,0.07464223
323,0.053866703,0.23805909,0.14306004,0.22056152,0.16936255,0.17509006
324,0.06992399,0.16417608,0.22652106,0.04791072,0.19739835,0.2940698
325,0.037017155,0.22151381,0.2585777,0.12706232,0.12885587,0.22697316
326,0.09066206,0.18322672,0.25390515,0.20593011,0.22455515,0.04172081
327,0.17381155,0.1906858,0.22536786,0.14479864,0.16876078,0.09657536
328,0.15637626,0.11329321,0.42908275,0.062223714,0.18094534,0.058078747
329,0.0548262,0.20495813,0.15105224,0.2359132,0.26076928,0.092480995
330,0.21654452,0.10710186,0.28974822,0.30505553,0.054773286,0.026776573
331,0.24550243,0.051991884,0.11775156,0.24988492,0.28861892,0.046250258
332,0.20114486,0.062553644,0.10726277,0.10591016,0.31898177,0.2041468
333,0.1591159,0.13704155,0.16136606,0.25154787,0.2537621,0.037166514
334,0.1430723,0.17098057,0.12754637,0.24245012,0.09385294,0.22209765
335,0.02855756,0.23321678,0.21986078,0.19414236,0.22386748,0.100355096
336,0.21616553,0.24001853,0.0938867,0.04360794,0.21454678,0.1917745
337,0.14916186,0.23343801,0.033653308,0.2897314,0.13720813,0.15680729
338,0.1992104,0.13963228,0.05371106,0.20569372,0.17358209,0.2281704
339,0.054147,0.21194361,0.25409576,0.050513986,0.11156567,0.3177339
340,0.08031524,0.21424054,0.20115228,0.06781305,0.18371136,0.25276753
341,0.16539465,0.047441214,0.22875403,0.2596075,0.1259975,0.17280512
342,0.034878876,0.19894886,0.25210962,0.23155038,0.21214426,0.070368044
343,0.10319328,0.16890506,0.23504291,0.028433615,0.21386401,0.2505611
344,0.27630767,0.2305984,0.027048722,0.31046203,0.08377403,0.071809135
345,0.123419665,0.17500938,0.12317649,0.16482283,0.36004987,0.053521767
346,0.128147,0.2564242,0.037282977,0.06752697,0.08566805,0.42495084
347,0.022579847,0.09179919,0.35357642,0.23919189,0.0879569,0.20489573
348,0.080346465,0.21711756,0.043415744,0.32312474,0.04815447,0.287841
349,0.1289021,0.052451003,0.1900978,0.09857833,0.07998916,0.4499816
350,0.048536435,0.14349967,0.05822892,0.26776364,0.2795768,0.2023945
351,0.022217892,0.26284745,0.12107349,0.31749675,0.064019024,0.21234538
352,0.059001286,0.23625033,0.18058217,0.22930837,0.18839873,0.10645916
353,0.17234254,0.09138098,0.25224912,0.24114408,0.1026094,0.14027388
354,0.23065312,0.06957553,0.09934748,0.23556416,0.07348532,0.29137436
355,0.14461191,0.06268761,0.08779385,0.24586065,0.29309288,0.16595314
356,0.24218665,0.07064168,0.17549746,0.21066825,0.2683775,0.032628436
357,0.20263384,0.09464977,0.20266962,0.27910316,0.10408621,0.11685744
358,0.23798053,0.17152448,0.028736548,0.29100654,0.22177707,0.04897484
359,0.34983864,0.22112839,0.043754276,0.11449582,0.12561312,0.14516975
360,0.14314646,0.07113409,0.031931493,0.26186588,0.25921836,0.23270364
361,0.26193762,0.11674019,0.21053016,0.041788995,0.29288232,0.0761207
362,0.1096412,0.24341072,0.03401733,0.26590484,0.03463595,0.31238994
363,0.09791282,0.28640428,0.05308869,0.04418546,0.32111377,0.19729494
364,0.19223486,0.104809314,0.15524812,0.19231552,0.14461409,0.21077812
365,0.28395963,0.04720169,0.03534564,0.06303663,0.29378322,0.27667317
366,0.22011258,0.08534876,0.1146932,0.20322657,0.037731603,0.3388873
367,0.14521469,0.19534795,0.1727426,0.03434453,0.15811647,0.2942338
368,0.13395928,0.26972964,0.2194009,0.22115918,0.09419211,0.061558872
369,0.4227742,0.24073847,0.08000456,0.13509136,0.06661852,0.054772824
370,0.095974006,0.37511477,0.12239614,0.2406301,0.13135888,0.03452606
371,0.02264121,0.08117964,0.13279395,0.27763936,0.2614906,0.22425526
372,0.11292652,0.14651553,0.2853601,0.2791115,0.05580618,0.120280184
373,0.164106,0.16244878,0.027370716,0.33325574,0.06466286,0.24815594
374,0.16103835,0.33539963,0.04302309,0.15804814,0.056972522,0.24551825
375,0.071705215,0.22713898,0.23404348,0.252661,0.052180905,0.16227044
376,0.044018432,0.307407,0.23817606,0.15572599,0.21151344,0.0431591
377,0.22188677,0.072031654,0.19944958,0.14363365,0.060712595,0.3022858
378,0.06242395,0.23556273,0.047180638,0.3399706,0.14207853,0.17278354
379,0.035946827,0.28049305,0.16071872,0.19796139,0.24484916,0.08003088
380,0.13703945,0.09930482,0.05331917,0.33543253,0.33064905,0.044255007
381,0.03189673,0.23608558,0.20975351,0.27290177,0.20676069,0.042601705
382,0.043640565,0.4171444,0.06533991,0.30219257,0.06321954,0.10846305
383,0.029487848,0.3447989,0.033860143,0.2947959,0.17142057,0.12563662
384,0.096187055,0.20142078,0.2499674,0.12569444,0.1276748,0.19905557
385,0.14857142,0.07862889,0.23845033,0.087521166,0.23813166,0.20869659
386,0.25239852,0.13185833,0.07280105,0.26101008,0.036662553,0.24526946
387,0.12814869,0.18119515,0.13678567,0.20076072,0.17898619,0.17412353
388,0.20218791,0.31230676,0.08433035,0.049376428,0.30840603,0.04339252
389,0.22671635,0.11857078,0.18223949,0.14293873,0.19406986,0.13546479
390,0.12801741,0.05291139,0.15501344,0.27374157,0.30821362,0.08210256
391,0.034424786,0.05216257,0.20193082,0.35892454,0.2690796,0.08347762
392,0.07011884,0.20591074,0.037599232,0.25633016,0.3335965,0.09644451
393,0.15840705,0.07309219,0.31429195,0.27866432,0.10328612,0.072258435
394,0.20281272,0.19145845,0.11542366,0.20795847,0.05306043,0.22928627
395,0.16898102,0.20922633,0.2043566,0.0847775,0.21416008,0.11849847
396,0.17757392,0.17480876,0.059619028,0.16819046,0.30124617,0.118561685
397,0.19536556,0.06486476,0.4896374,0.13682248,0.070116006,0.04319377
398,0.018306319,0.23330419,0.21681662,0.20308106,0.27722514,0.0512667
399,0.06159996,0.08267877,0.19375576,0.18339717,0.26051804,0.2180503
400,0.058434773,0.1950535,0.068913154,0.23090112,0.25244105,0.19425642
401,0.06492736,0.086371936,0.07557804,0.6302104,0.051589835,0.09132242
402,0.035942316,0.2506984,0.15646683,0.14923377,0.09595799,0.31170073
403,0.20416273,0.19811182,0.056147207,0.20301539,0.12015282,0.21841007
404,0.17575383,0.17120843,0.26456305,0.07767741,0.228311,0.0824863
405,0.111778356,0.19912441,0.11348901,0.23887853,0.07689641,0.2598333
406,0.39056608,0.16544342,0.21808393,0.13573405,0.05163641,0.038536094
407,0.18652461,0.19331975,0.15780085,0.15333734,0.10450403,0.20451342
408,0.08696995,0.276184,0.0977133,0.28256544,0.21579452,0.040772792
409,0.18974684,0.11216181,0.030740574,0.19069837,0.3524191,0.124233335
410,0.27905717,0.27587458,0.06867992,0.30642232,0.03913756,0.030828414
411,0.24779628,0.19411677,0.15015896,0.034425456,0.30869424,0.06480829
412,0.22780144,0.20558183,0.09018568,0.0551116,0.12867783,0.2926416
413,0.035442803,0.050197195,0.23712623,0.23982958,0.07320061,0.3642036
414,0.15152498,0.06810409,0.02380013,0.02987275,0.43837515,0.28832287
415,0.19857478,0.09810755,0.13690856,0.15142085,0.21928622,0.19570203
416,0.056195676,0.09512952,0.07443083,0.30393523,0.33409408,0.13621466
417,0.017496439,0.27004603,0.07362652,0.2601541,0.06641699,0.31225988
418,0.286652,0.22477102,0.055167954,0.076271,0.08175024,0.2753878
419,0.0715683,0.25345445,0.2582903,0.22223449,0.14867538,0.045777112
420,0.17040771,0.22949003,0.0866878,0.045763236,0.09476758,0.37288365
421,0.017001057,0.32987264,0.13679121,0.06574046,0.3016213,0.14897335
422,0.10545808,0.3899926,0.03779909,0.14917295,0.15514988,0.16242743
423,0.20558019,0.24350722,0.23257922,0.10856363,0.17118245,0.03858731
424,0.12062448,0.20613863,0.09264786,0.21646065,0.18132222,0.18280613
425,0.24824226,0.1489116,0.14738573,0.10591546,0.080432825,0.26911214
426,0.19582641,0.25284526,0.24257243,0.1672528,0.095706046,0.04579711
427,0.061139133,0.21753328,0.13089782,0.25877208,0.1625087,0.16914903
428,0.23262769,0.21221101,0.03545335,0.22337012,0.078872025,0.2174658
429,0.25213727,0.1436523,0.14169447,0.07099416,0.14588809,0.24563372
430,0.18793069,0.12644905,0.2030331,0.02085332,0.26225698,0.19947688
431,0.09734664,0.11112776,0.27282953,0.24470322,0.17051446,0.10347837
432,0.19822414,0.27929536,0.11201146,0.18210836,0.15217312,0.07618753
433,0.013449091,0.16477065,0.2311306,0.18357094,0.28242418,0.12465451
434,0.17271246,0.22792876,0.22869056,0.052976567,0.21545117,0.102240525
435,0.1465556,0.16980399,0.13138554,0.15750197,0.19907172,0.19568114
436,0.17276888,0.26744828,0.02733022,0.037302673,0.16812377,0.32702616
437,0.02553849,0.15829252,0.25009534,0.23840986,0.2201283,0.107535474
438,0.058212996,0.13567145,0.14615725,0.24151266,0.23878807,0.17965753
439,0.17787184,0.16694315,0.054053098,0.29027092,0.26649305,0.044367913
440,0.16117185,0.08463474,0.18556969,0.12080606,0.2569211,0.19089659
441,0.10237006,0.033155113,0.024243437,0.4080284,0.16162312,0.27057984
442,0.038400564,0.14397016,0.2708433,0.2185757,0.20235161,0.1258587
443,0.024916595,0.17961337,0.1847754,0.3725191,0.13961975,0.09855574
444,0.112739794,0.14131784,0.21493047,0.29003167,0.059133876,0.18184632
445,0.08298785,0.19996254,0.18915649,0.19448006,0.20997226,0.12344077
446,0.1286784,0.10791097,0.2499311,0.04810862,0.23182543,0.23354548
447,0.028248593,0.2640184,0.28027847,0.10444405,0.047792997,0.27521744
448,0.23698883,0.17734957,0.23844582,0.054418966,0.24112259,0.05167426
449,0.20840801,0.09015613,0.13936837,0.13912462,0.27889785,0.14404501
450,0.026069403,0.2500827,0.27613023,0.14758095,0.25639963,0.043737087
451,0.2671574,0.091382585,0.09420073,0.20705491,0.23155995,0.10864442
452,0.21366756,0.13517179,0.09941422,0.18368535,0.118932456,0.24912864
453,0.18044794,0.14512141,0.062188376,0.23485737,0.12345794,0.25392696
454,0.20890808,0.1598665,0.13235964,0.15475805,0.12833475,0.21577303
455,0.17202286,0.28593013,0.19303878,0.16480081,0.06801451,0.11619302
456,0.06977788,0.21013983,0.21970509,0.042153463,0.22136702,0.23685674
457,0.117860384,0.2389944,0.14592315,0.22049268,0.2357623,0.040967062
458,0.25441793,0.18926297,0.21271396,0.04812932,0.1352854,0.16019042
459,0.039652932,0.07285843,0.032803133,0.25261796,0.23612745,0.3659401
460,0.04080313,0.16216783,0.352855,0.11810622,0.08861443,0.23745339
461,0.1459604,0.15147896,0.17639379,0.20736207,0.23710255,0.08170221
462,0.06797608,0.19129407,0.16983254,0.03725046,0.24426512,0.28938177
463,0.02624852,0.15303497,0.04281369,0.5093311,0.07230195,0.19626975
464,0.049638197,0.07708024,0.22354965,0.21524389,0.114998735,0.31948933
465,0.17908923,0.055931155,0.2124006,0.06882435,0.26586476,0.2178899
466,0.03647316,0.1192595,0.2097553,0.032230753,0.37609318,0.22618806
467,0.17867173,0.14901124,0.1723776,0.17916389,0.24323304,0.07754248
468,0.17953783,0.04515345,0.1461669,0.08252239,0.29503307,0.25158632
469,0.1527815,0.16604294,0.069105566,0.114774406,0.26832727,0.22896828
470,0.048521295,0.20830178,0.26849833,0.032024283,0.22261615,0.22003816
471,0.21872206,0.06705072,0.12429104,0.23573792,0.17904146,0.17515683
472,0.10737392,0.1745118,0.083055526,0.123118006,0.28966627,0.22227447
473,0.06460174,0.18341112,0.23263657,0.26052728,0.12486667,0.1339566
474,0.1279289,0.029811047,0.057642847,0.025302043,0.38311943,0.37619576
475,0.07041953,0.39917418,0.22889197,0.19670331,0.066646606,0.03816443
476,0.20830278,0.19641022,0.17680754,0.12909462,0.1596695,0.12971534
477,0.04765104,0.104115695,0.18532802,0.018167164,0.24770783,0.39703023
478,0.14104871,0.24138087,0.20578225,0.21051496,0.1676045,0.033668723
479,0.059998717,0.047797505,0.12547249,0.28849557,0.055725187,0.42251053
480,0.06335521,0.232578,0.20189577,0.17154098,0.19889612,0.13173391
481,0.022385752,0.19374727,0.14509761,0.19135828,0.2648082,0.18260282
482,0.0382988,0.29209837,0.24153362,0.09422984,0.13613284,0.19770654
483,0.06935488,0.39444003,0.16656756,0.047864947,0.14411485,0.17765772
484,0.31291893,0.309684,0.08122898,0.04266816,0.21508817,0.038411736
485,0.10518148,0.20319904,0.24809061,0.1197449,0.056995783,0.26678815
486,0.2900072,0.24291606,0.20752047,0.0475138,0.18483715,0.027205361
487,0.08617566,0.059370533,0.2193398,0.07991752,0.13084953,0.424347
488,0.045298308,0.033489443,0.10025368,0.25277853,0.29580155,0.27237844
489,0.33705163,0.22274072,0.12532552,0.04289803,0.23475397,0.037230134
490,0.12467148,0.10596203,0.16409947,0.14442168,0.2287404,0.23210497
491,0.21379907,0.2322175,0.18526475,0.057965856,0.15899605,0.15175675
492,0.07444766,0.03730524,0.09400282,0.027952999,0.067647934,0.6986434
493,0.11107425,0.14405029,0.18949883,0.21023966,0.13372327,0.21141374
494,0.11889156,0.20283534,0.10025326,0.27764544,0.039692078,0.26068237
495,0.09281098,0.053453464,0.033285584,0.035010647,0.38922572,0.39621362
496,0.19313145,0.05097367,0.085638106,0.27467167,0.31775644,0.077828676
497,0.03976192,0.08108768,0.32288337,0.11146128,0.37399712,0.07080859
498,0.035479482,0.19628333,0.10872226,0.19595695,0.27865145,0.18490653
499,0.17711769,0.1808752,0.17007315,0.1898831,0.073372744,0.20867813
500,0.038557533,0.2939889,0.10419494,0.18596713,0.3159974,0.06129409
501,0.12576403,0.1931889,0.12919597,0.11201495,0.07937142,0.36046478
502,0.26434472,0.25302017,0.06381387,0.033176836,0.3245158,0.061128616
503,0.025294011,0.13482143,0.26592174,0.09836307,0.2572606,0.21833913
504,0.1737829,0.23346339,0.12151709,0.10267804,0.25039566,0.11816292
505,0.030141091,0.25153223,0.115888685,0.29222095,0.19354773,0.11666929
506,0.095920645,0.1304655,0.33198255,0.1332112,0.24849594,0.05992418
507,0.21231842,0.17233221,0.22174406,0.022964453,0.3177426,0.052898288
508,0.10886123,0.2161945,0.24714752,0.1555547,0.046413135,0.22582896
509,0.19727449,0.15661992,0.08349348,0.13071114,0.26272067,0.16918033
510,0.020216385,0.09410381,0.20695591,0.28329402,0.086884595,0.30854526
511,0.0659079,0.06372804,0.2838609,0.014787289,0.062838726,0.5088771
512,0.20735721,0.23007959,0.19231671,0.06875774,0.23897827,0.062510505
513,0.045140956,0.24964368,0.0672105,0.22232585,0.3063985,0.109280504
514,0.1021926,0.29517817,0.13619153,0.25249448,0.08681909,0.12712407
515,0.017203713,0.23612948,0.08277688,0.22928472,0.14146031,0.29314488
516,0.12141776,0.10603815,0.21850352,0.25405863,0.08967376,0.21030821
517,0.21972972,0.34183392,0.17973948,0.0769968,0.11254267,0.069157444
518,0.05587643,0.13869883,0.16155325,0.30829757,0.26491114,0.07066282
519,0.083565176,0.16380678,0.039711557,0.3095009,0.17893934,0.2244763
520,0.18047784,0.17403223,0.14379786,0.21228553,0.15444005,0.13496654
521,0.2139926,0.06729805,0.14795138,0.27307108,0.2688159,0.028871061
522,0.06532727,0.08144815,0.092229426,0.26866725,0.29568157,0.19664638
523,0.1611256,0.062677436,0.035540175,0.16686599,0.31202295,0.26176783
524,0.078497924,0.08701766,0.27314666,0.23458208,0.101388834,0.22536679
525,0.32621884,0.32841042,0.053012002,0.054752942,0.10856334,0.12904243
526,0.14618249,0.1523384,0.22140448,0.19314604,0.16044153,0.12648706
527,0.15863746,0.248191,0.038731027,0.19532008,0.24571562,0.11340483
528,0.10970349,0.30713382,0.25865668,0.21373332,0.030530753,0.080241926
529,0.21059541,0.28230754,0.048457373,0.31680337,0.06918678,0.0726495
530,0.19722128,0.22187535,0.27478316,0.04059522,0.0357581,0.22976695
531,0.18970685,0.07861338,0.19233389,0.101253696,0.2551324,0.1829598
532,0.1737603,0.08505779,0.10412217,0.087221265,0.2773259,0.27251256
533,0.17672063,0.17287298,0.20678537,0.14605905,0.15480143,0.14276057
534,0.062718995,0.09523317,0.1696759,0.28653124,0.15672003,0.22912067
535,0.029630447,0.24324252,0.1221144,0.15456639,0.17212455,0.2783217
536,0.37124,0.039335284,0.092605025,0.023072578,0.0725292,0.40121794
537,0.033114273,0.14539684,0.18487911,0.1914533,0.25513986,0.19001663
538,0.19438618,0.1406869,0.07076222,0.2117211,0.19129944,0.19114412
539,0.049543526,0.17484479,0.04208989,0.3165681,0.19061996,0.2263337
540,0.15407066,0.12164601,0.21001212,0.17713468,0.111932874,0.22520368
541,0.03873955,0.19108011,0.049598873,0.22369778,0.2842736,0.21261008
542,0.26557165,0.09873418,0.078244954,0.12155986,0.20928209,0.22660728
543,0.023840675,0.09730149,0.101954065,0.2735345,0.07163636,0.43173292
544,0.09004652,0.17972283,0.2757561,0.30017516,0.10881888,0.04548054
545,0.13119084,0.1980025,0.1830708,0.10664191,0.21901841,0.16207553
546,0.120094776,0.20336972,0.24281769,0.19099422,0.053068656,0.18965495
547,0.041940644,0.08401418,0.27363065,0.034646213,0.2828668,0.28290153
548,0.2093507,0.049065206,0.030118972,0.16743474,0.2628895,0.28114086
549,0.06551505,0.319055,0.16074185,0.03737268,0.2436769,0.17363854
550,0.21745853,0.1733716,0.064049944,0.22487773,0.2564173,0.06382493
551,0.055075362,0.1388482,0.18404543,0.20658602,0.22422318,0.19122179
552,0.021238081,0.03288234,0.32208255,0.22910021,0.26891306,0.12578377
553,0.3134963,0.14713012,0.1860668,0.05226996,0.17286056,0.12817629
554,0.23043056,0.20525973,0.1239776,0.2086252,0.16208996,0.06961698
555,0.17794384,0.23076047,0.14588471,0.21234278,0.049399838,0.18366836
556,0.044530917,0.14903009,0.25296858,0.055783138,0.06901098,0.42867634
557,0.1838218,0.055148024,0.11360077,0.030831156,0.329627,0.28697127
558,0.041163433,0.2889395,0.37409103,0.14399058,0.119703494,0.032111973
559,0.19972236,0.1467225,0.1262307,0.2153901,0.2166322,0.09530219
560,0.05128173,0.18216546,0.36378467,0.08454243,0.03635204,0.28187367
561,0.13143559,0.18746044,0.10861692,0.192621,0.2660102,0.11385593
562,0.16281185,0.22984648,0.040622965,0.27334145,0.16372554,0.12965173
563,0.22820908,0.13841893,0.057114124,0.16722798,0.34247205,0.06655788
564,0.05319509,0.21504022,0.28158322,0.15520751,0.17448634,0.1204876
565,0.018444933,0.04688315,0.0946993,0.31503525,0.27169624,0.25324115
566,0.2242955,0.24041657,0.25328133,0.0955048,0.04778205,0.1387198
567,0.15349738,0.2435693,0.061519977,0.1396025,0.34253502,0.059275877
568,0.22426267,0.14826779,0.1691879,0.033120003,0.21140046,0.21376117
569,0.3172892,0.06995422,0.22056799,0.026637936,0.19577424,0.16977642
570,0.17583136,0.18680614,0.039681338,0.24271815,0.16413343,0.19082959
571,0.10456303,0.28789458,0.035844494,0.1870209,0.03773157,0.34694543
572,0.10724565,0.14064707,0.034163456,0.18460767,0.3738239,0.15951227
573,0.073820055,0.16521128,0.13201375,0.2885665,0.30298683,0.037401576
574,0.24260281,0.21936059,0.08344444,0.062233508,0.12580086,0.26655778
575,0.044382002,0.23455697,0.09357173,0.22563612,0.26391461,0.13793856
576,0.15039526,0.0324173,0.109209776,0.1610416,0.2876152,0.25932086
577,0.22771269,0.08750245,0.25864828,0.13633038,0.16817689,0.12162929
578,0.17326999,0.22388335,0.04983483,0.14706211,0.3344362,0.07151351
579,0.09171515,0.31401494,0.10245403,0.13706231,0.09129717,0.26345643
580,0.09455183,0.21146709,0.14224775,0.25753763,0.14110337,0.15309232
581,0.10233522,0.10237364,0.31227136,0.09207963,0.35765287,0.033287257
582,0.033574197,0.17949645,0.2993571,0.23877005,0.21859623,0.03020596
583,0.18872578,0.20073749,0.04274833,0.14782833,0.22774975,0.19221036
584,0.13806026,0.040234286,0.072621495,0.19063866,0.33810797,0.22033735
585,0.026089571,0.29496095,0.13925461,0.032693632,0.27517605,0.23182519
586,0.06674909,0.33243084,0.028247653,0.2285356,0.22848524,0.11555157
587,0.19873787,0.14144097,0.22383888,0.074537985,0.14956753,0.21187674
588,0.03808565,0.10772457,0.27890444,0.30754223,0.10604655,0.16169654
589,0.32982337,0.3891293,0.06658963,0.0644466,0.07295846,0.077052586
590,0.1023509,0.18548864,0.17475577,0.22568436,0.13033287,0.18138744
591,0.31592223,0.2582791,0.059588175,0.2694843,0.061204266,0.0355219
592,0.26660344,0.22324415,0.09429302,0.18710525,0.08698332,0.14177078
593,0.036277294,0.24339962,0.025926456,0.2336079,0.26500446,0.19578426
594,0.30188125,0.12937708,0.17481162,0.038210433,0.046698052,0.3090215
595,0.030555317,0.32253408,0.20356624,0.23864694,0.09075749,0.1139399
596,0.02498515,0.18442433,0.06380108,0.028871357,0.39729914,0.30061895
597,0.07642687,0.3524444,0.03712743,0.3301226,0.14927717,0.054601472
598,0.06809667,0.2690767,0.16315329,0.044028506,0.2903645,0.16528024
599,0.056197803,0.08907344,0.105939694,0.44534364,0.27709833,0.026347043
600,0.10368461,0.2275778,0.1831296,0.12366327,0.16740827,0.19453646
601,0.023667024,0.20092745,0.13749619,0.26421395,0.3213725,0.052322883
602,0.26506406,0.10040694,0.25123698,0.06398342,0.26779822,0.051510405
603,0.20913698,0.11606536,0.18185753,0.028659016,0.27195552,0.1923256
604,0.040445738,0.23702776,0.10436968,0.16804455,0.2335795,0.21653283
605,0.14290428,0.08683857,0.15659396,0.24284577,0.34607187,0.02474556
606,0.18457472,0.12179921,0.16229641,0.20916802,0.18505402,0.13710766
607,0.24102987,0.31802127,0.20491616,0.13823353,0.060732234,0.0370669
608,0.06112495,0.08856816,0.17678665,0.22137435,0.20352967,0.2486162
609,0.16727524,0.16911322,0.2294387,0.06584852,0.2223866,0.14593773
610,0.04837702,0.3012274,0.10538598,0.19699012,0.086069725,0.2619498
611,0.08077547,0.1965301,0.11789621,0.20410156,0.2573946,0.14330207
612,0.08683359,0.17872553,0.25355172,0.119960964,0.09901988,0.26190832
613,0.2586566,0.2921624,0.038879257,0.042133715,0.32180515,0.04636291
614,0.10568658,0.06659491,0.2632669,0.031433884,0.2217279,0.31128982
615,0.12527739,0.20482306,0.21316546,0.33102062,0.093705654,0.032007862
616,0.08585883,0.22358687,0.08615921,0.25154802,0.21215785,0.14068918
617,0.26821426,0.31038567,0.20724712,0.03004778,0.13471825,0.049386945
618,0.078788795,0.24718721,0.027531281,0.26066467,0.10031015,0.2855179
619,0.021248082,0.04799022,0.28278294,0.21060179,0.2134124,0.22396456
620,0.17443667,0.18341945,0.08006988,0.20980346,0.23603337,0.116237186
621,0.23696975,0.1249393,0.20637769,0.08384564,0.21488059,0.13298702
622,0.12522756,0.20246792,0.19296701,0.19284415,0.04954939,0.236944
623,0.030422373,0.27533856,0.3477393,0.045563918,0.274652,0.026283862
624,0.009688108,0.023125531,0.3329172,0.50863576,0.05546018,0.07017321
625,0.20350933,0.15740223,0.057460587,0.24898379,0.16998641,0.16265768
626,0.0991567,0.29779136,0.28088227,0.25141996,0.03521148,0.03553823
627,0.2350737,0.0521362,0.22325812,0.24585135,0.18712012,0.056560468
628,0.06661643,0.19159997,0.17085187,0.22477804,0.17582534,0.17032833
629,0.13130017,0.039766684,0.022105366,0.39112285,0.38465044,0.03105454
630,0.031923622,0.21110363,0.17817949,0.21347784,0.21061218,0.15470324
631,0.084839635,0.26309332,0.1173769,0.2172509,0.039077718,0.27836153
632,0.04213578,0.054140974,0.1059868,0.24645329,0.3868915,0.16439165
633,0.12696019,0.13470733,0.15671484,0.22378702,0.09754729,0.26028332
634,0.21534769,0.22996752,0.11026021,0.047397505,0.14795041,0.24907668
635,0.16161083,0.108364254,0.02894404,0.18185969,0.26644537,0.25277582
636,0.19501545,0.094652615,0.05373125,0.022173276,0.55130875,0.083118714
637,0.25183406,0.17077847,0.05940437,0.30517963,0.16045015,0.052353237
638,0.25266477,0.06365716,0.17049788,0.03194274,0.39237794,0.088859476
639,0.0355542,0.22486192,0.051500056,0.03653316,0.25575164,0.39579907
640,0.1842565,0.16791677,0.20897418,0.028486261,0.2929207,0.11744558
641,0.026058063,0.09871345,0.10377502,0.50614804,0.04653194,0.21877354
642,0.19959848,0.04842456,0.13168247,0.3015115,0.14470063,0.1740824
643,0.060541082,0.20813544,0.22662337,0.15846811,0.14252585,0.20370615
644,0.051645998,0.20541175,0.16774683,0.09000922,0.25922,0.22596617
645,0.13679497,0.15217479,0.09794885,0.17607842,0.20128717,0.23571579
646,0.28213382,0.26509273,0.2883421,0.054519493,0.061404157,0.04850771
647,0.09877477,0.11113188,0.16437645,0.2731683,0.26504126,0.08750734
648,0.17920534,0.22331762,0.04103939,0.2166971,0.18080564,0.15893492
649,0.024812894,0.08065117,0.068138584,0.28518435,0.2892461,0.25196695
650,0.1769371,0.15548386,0.14597411,0.20028917,0.20487322,0.11644254
651,0.033475507,0.26519597,0.22666387,0.23385097,0.20868456,0.032129124
652,0.046113145,0.19956197,0.09621052,0.20783836,0.24758594,0.20269008
653,0.07086355,0.1881829,0.04920569,0.28549394,0.34284374,0.063410215
654,0.24874927,0.027936762,0.024894329,0.27539968,0.25305963,0.16996033
655,0.06142396,0.11703984,0.1892194,0.29999384,0.16542922,0.16689366
656,0.29033172,0.14060228,0.19322962,0.033483874,0.29880914,0.043543324
657,0.1033807,0.17935783,0.2272317,0.033481587,0.1614999,0.29504827
658,0.18446428,0.027107941,0.042472076,0.3392439,0.33568922,0.07102256
659,0.24562235,0.05377172,0.19920093,0.025807584,0.10147047,0.3741269
660,0.23718977,0.09097969,0.44349897,0.08762592,0.09625373,0.044451926
661,0.027296709,0.22094782,0.1681217,0.17046376,0.26344427,0.14972574
662,0.21372314,0.2802631,0.10848089,0.25472465,0.06023,0.08257821
663,0.030271336,0.0533457,0.3724972,0.09650597,0.3688164,0.078563385
664,0.15740071,0.10025326,0.21043076,0.25927094,0.22606348,0.046580825
665,0.18945386,0.09359964,0.18553764,0.17145868,0.2283163,0.1316339
666,0.103773415,0.26764202,0.04360566,0.094021894,0.2881815,0.20277548
667,0.17845798,0.17024367,0.22479244,0.055081904,0.2848276,0.08659637
668,0.03592444,0.1600525,0.24419264,0.10565,0.29848608,0.15569435
669,0.24220048,0.27950835,0.049797565,0.038829047,0.24298753,0.14667702
670,0.093732424,0.07548018,0.2560182,0.21572568,0.055271357,0.30377212
671,0.18218201,0.059888136,0.17581332,0.32034907,0.11987398,0.14189349
672,0.12276971,0.07166732,0.111002244,0.2066127,0.18246149,0.30548653
673,0.2048767,0.25582132,0.05440936,0.08023536,0.32333684,0.08132043
674,0.21532722,0.19496995,0.08021828,0.15685028,0.2711374,0.08149689
675,0.059967574,0.06303104,0.35969266,0.39338526,0.073268786,0.05065469
676,0.08223736,0.091393925,0.22198926,0.15517342,0.2609141,0.18829195
677,0.2209326,0.23123543,0.17391491,0.22166984,0.07193371,0.08031348
678,0.19659454,0.19741075,0.06961848,0.24616069,0.1337895,0.15642607
679,0.020024596,0.057319332,0.12128433,0.1659525,0.2641296,0.3712896
680,0.11043287,0.18631513,0.2286671,0.24330093,0.08907485,0.14220907
681,0.12737069,0.039593562,0.11290159,0.20905024,0.28052703,0.23055692
682,0.048143595,0.044673573,0.10522885,0.19887726,0.3034712,0.2996055
683,0.23916213,0.056143954,0.21278451,0.05669537,0.36201474,0.07319928
684,0.19834292,0.16143727,0.17801617,0.27122107,0.064273514,0.12670906
685,0.024989555,0.24681783,0.12892838,0.1859795,0.30398774,0.109296985
686,0.21686639,0.23529226,0.12879847,0.16039364,0.22297168,0.03567758
687,0.15551539,0.19309168,0.22678746,0.21090676,0.039264128,0.17443453
688,0.14518817,0.21661218,0.22478807,0.05790698,0.20105004,0.15445453
689,0.048586596,0.32056174,0.13819893,0.11333636,0.21838856,0.16092785
690,0.27218193,0.08822316,0.23701394,0.06349833,0.30051753,0.038565103
691,0.20952201,0.0923784,0.045845557,0.25289363,0.18269272,0.21666765
692,0.2441415,0.12686124,0.2593067,0.112745814,0.16916198,0.08778278
693,0.17352945,0.23129936,0.17888157,0.25732958,0.08517965,0.07378045
694,0.036884096,0.16780286,0.19338991,0.17611337,0.18495655,0.24085324
695,0.17328204,0.19321553,0.08768904,0.1945685,0.14421497,0.20702988
696,0.1498608,0.09885328,0.047192622,0.23171306,0.24065264,0.23172766
697,0.14706092,0.06097102,0.23871468,0.068635516,0.26953873,0.21507913
698,0.032088507,0.26511088,0.09621336,0.1984468,0.28388348,0.124256946
699,0.015320404,0.17360128,0.12412735,0.38640296,0.17950916,0.12103882
700,0.08562564,0.170255,0.05115841,0.28591833,0.18651141,0.22053121
701,0.09060388,0.12472408,0.22444719,0.3088415,0.13515995,0.11622336
702,0.122746795,0.0647284,0.18469928,0.25111392,0.15317978,0.22353177
703,0.09617865,0.12854007,0.22915189,0.30853936,0.05494067,0.18264937
704,0.26041004,0.09956822,0.06733593,0.30071187,0.060107276,0.21186663
705,0.23159258,0.35803404,0.28129554,0.035824534,0.051731583,0.04152173
706,0.14303583,0.0739562,0.36046502,0.1895852,0.17777579,0.05518194
707,0.22848172,0.22130774,0.053880528,0.10244968,0.23553129,0.15834905
708,0.19425112,0.23653974,0.1936693,0.12696087,0.121309824,0.12726909
709,0.182068,0.2843538,0.15496874,0.05213544,0.122221805,0.20425218
710,0.12073088,0.23503785,0.24682923,0.1774277,0.062474582,0.15749978
711,0.07079292,0.062678955,0.15587597,0.029410398,0.51500887,0.16623293
712,0.2277777,0.19173129,0.14954518,0.15037055,0.084171765,0.19640346
713,0.025404619,0.12749629,0.13800795,0.08825475,0.41581655,0.20501985
714,0.22395201,0.16856657,0.0812136,0.17177059,0.25573534,0.09876188
715,0.026618196,0.17712663,0.058959678,0.088481754,0.26820067,0.3806131
716,0.24673039,0.1345461,0.14516525,0.037927207,0.14164215,0.29398894
717,0.17069845,0.114492476,0.029327692,0.20442146,0.28134617,0.19971378
718,0.1273645,0.24465942,0.17477475,0.15347217,0.046910662,0.25281852
719,0.14166068,0.2496654,0.062080223,0.09725845,0.23848386,0.21085143
720,0.16678643,0.12034017,0.13899927,0.17457648,0.21467145,0.18462618
721,0.124780536,0.049563948,0.23994075,0.08610967,0.3210334,0.17857175
722,0.25166693,0.24911626,0.04915293,0.30124104,0.1040247,0.044798166
723,0.0635461,0.16106509,0.22321725,0.1722001,0.101118624,0.27885285
724,0.35796833,0.060330596,0.04417571,0.33455715,0.16952063,0.033447582
725,0.15837608,0.13366543,0.31965944,0.033783276,0.1795181,0.17499767
726,0.27611157,0.10602041,0.29152048,0.017065844,0.23829372,0.07098796
727,0.12845273,0.1835103,0.181831,0.17759009,0.1958322,0.13278364
728,0.16429345,0.11790808,0.150717,0.101922415,0.3798035,0.0853556
729,0.14191218,0.24955304,0.049131203,0.25275293,0.23023862,0.07641203
730,0.051201385,0.17214279,0.16774935,0.2016214,0.281279,0.12600608
731,0.14290982,0.12538196,0.06376064,0.22392774,0.21988066,0.22413914
732,0.06378374,0.24612379,0.22938049,0.0396779,0.21795315,0.20308095
733,0.27032894,0.23030548,0.05310596,0.2816871,0.07572283,0.088849746
734,0.09471542,0.22717112,0.03875397,0.24514414,0.26021507,0.13400029
735,0.12550557,0.21625291,0.11438325,0.08111622,0.25872973,0.20401227
736,0.12246122,0.23883772,0.25021216,0.28822723,0.0647209,0.035540733
737,0.0101931775,0.024690524,0.13484684,0.37583438,0.021954434,0.43248066
738,0.2278236,0.27174577,0.060064454,0.16194041,0.10282379,0.17560196
739,0.19517837,0.14773944,0.11528283,0.17239302,0.17662711,0.1927792
740,0.07362587,0.11473915,0.10190352,0.29044703,0.25545225,0.16383219
741,0.10174254,0.13130896,0.06703534,0.26850796,0.22537689,0.20602827
742,0.16159537,0.06412355,0.113724984,0.24352796,0.31898537,0.09804275
743,0.17910443,0.13646848,0.03602045,0.32705864,0.055148054,0.26619995
744,0.027630702,0.19240558,0.063605,0.2598418,0.3121429,0.14437397
745,0.17615943,0.19461076,0.2501565,0.037283897,0.03867692,0.3031125
746,0.041314516,0.27514446,0.19655858,0.2513368,0.03624923,0.19939643
747,0.16034742,0.30267337,0.2937725,0.09267003,0.1125718,0.037964873
748,0.2625312,0.0491444,0.28632197,0.30174568,0.037639897,0.06261686
749,0.18298592,0.104518116,0.12069768,0.14985591,0.22047527,0.22146706
750,0.14319097,0.16027938,0.20935811,0.28550398,0.1687816,0.032885958
751,0.021036565,0.37759778,0.017151603,0.5362711,0.021981068,0.02596192
752,0.037010167,0.17131287,0.21197076,0.08752013,0.27874613,0.21343994
753,0.17071094,0.036004514,0.15197642,0.2363603,0.10051981,0.30442798
754,0.15384798,0.092275,0.2646022,0.121420585,0.28280243,0.08505178
755,0.088244714,0.24534623,0.04775225,0.20084612,0.11002352,0.30778715
756,0.28183192,0.24304092,0.26764333,0.040353306,0.09696588,0.07016461
757,0.1337801,0.085327365,0.08397174,0.29949954,0.14882158,0.24859966
758,0.12832333,0.062849134,0.20167299,0.23055486,0.13714735,0.2394523
759,0.21301442,0.12173599,0.24805649,0.27088186,0.11113169,0.03517956
760,0.07367648,0.28392145,0.17286068,0.39298847,0.039013293,0.03753958
761,0.09548688,0.19282103,0.21934395,0.10478894,0.13110392,0.2564553
762,0.26010147,0.15412194,0.115884565,0.065869935,0.29861358,0.1054085
763,0.1866151,0.03711606,0.053086426,0.40370682,0.095540784,0.22393481
764,0.12157631,0.31090713,0.30166396,0.046957564,0.1760218,0.04287323
765,0.078177534,0.15304296,0.17995639,0.22775924,0.2784131,0.08265075
766,0.15502281,0.09529681,0.021348096,0.22139306,0.24623425,0.2607049
767,0.24398631,0.13491179,0.21852116,0.096095555,0.21550266,0.0909825
768,0.22912948,0.16564591,0.2602969,0.034885272,0.26115283,0.04888959
769,0.094528526,0.12340242,0.2612442,0.23803572,0.24837434,0.034414787
770,0.15654607,0.1689202,0.12738599,0.13752073,0.19875705,0.21086991
771,0.25945696,0.19863194,0.050052334,0.20366652,0.2288479,0.05934432
772,0.04320979,0.21559441,0.044548962,0.13839853,0.27012637,0.28812197
773,0.22305757,0.24322344,0.24003088,0.117880695,0.05878267,0.11702474
774,0.16837166,0.06478698,0.24406464,0.06226905,0.14187519,0.31863245
775,0.0808492,0.23193163,0.17219418,0.21718854,0.20405412,0.09378234
776,0.056313764,0.25965717,0.22226961,0.07303569,0.14796908,0.24075472
777,0.2307915,0.12830079,0.11548599,0.2967706,0.05113171,0.17751937
778,0.13056932,0.25179675,0.033239465,0.07135745,0.23091412,0.28212294
779,0.20233412,0.08490331,0.12739879,0.25765753,0.24034317,0.087363064
780,0.2629088,0.13480817,0.2126288,0.1569892,0.121906675,0.11075839
781,0.2048987,0.12145948,0.1250241,0.24954684,0.044916134,0.25415474
782,0.0729718,0.1056663,0.22587991,0.30904666,0.106428325,0.18000704
783,0.21722133,0.20839274,0.16484378,0.18258254,0.10205707,0.124902524
784,0.33508828,0.10687437,0.057208773,0.084212035,0.062104344,0.3545122
785,0.20227306,0.14899938,0.102754496,0.088839255,0.19049557,0.26663828
786,0.11543856,0.22419868,0.17733061,0.27878544,0.16815905,0.03608768
787,0.17576374,0.06342796,0.18833052,0.23683678,0.2720254,0.06361562
788,0.08684379,0.16971743,0.24404319,0.21983594,0.055460572,0.22409911
789,0.26090083,0.19193041,0.18382539,0.22027333,0.11136242,0.03170761
790,0.23089923,0.20383789,0.14795636,0.13755423,0.05828358,0.22146876
791,0.07020869,0.07654274,0.18832402,0.27748364,0.35679695,0.030644005
792,0.16358471,0.0989272,0.28759983,0.048623573,0.20992507,0.19133963
793,0.14536281,0.16658147,0.050700907,0.23295893,0.22854407,0.17585182
794,0.16098762,0.2828646,0.13569795,0.05637614,0.1331439,0.2309298
795,0.2223034,0.24546926,0.13184148,0.11487767,0.040372994,0.24513519
796,0.10203719,0.11706269,0.24871115,0.2582887,0.08384013,0.19006014
797,0.118610054,0.2675673,0.05936365,0.085824095,0.29603168,0.17260325
798,0.056375723,0.16700983,0.28753263,0.112905,0.16345157,0.21272524
799,0.17075406,0.20428209,0.21361172,0.05692345,0.32215402,0.032274712
800,0.3165805,0.10181103,0.2099161,0.26302752,0.082097165,0.026567703
801,0.042141274,0.27231196,0.114019774,0.054726213,0.13703328,0.3797675
802,0.29835972,0.08046639,0.349533,0.10626436,0.045969833,0.11940671
803,0.19800802,0.36049092,0.031762008,0.18757899,0.054568037,0.167592
804,0.035114463,0.32532755,0.21209598,0.09762815,0.0525813,0.27725253
805,0.08378521,0.10812723,0.21789604,0.29485747,0.16875823,0.12657581
806,0.026147036,0.25387383,0.37847254,0.03197887,0.10180342,0.20772429
807,0.19495289,0.059482556,0.085538924,0.5414627,0.026078194,0.09248475
808,0.10452094,0.21005546,0.08576483,0.30502537,0.05380353,0.24082987
809,0.2616744,0.23523138,0.036286753,0.23180665,0.11083513,0.124165684
810,0.32177138,0.27477816,0.035509538,0.06805858,0.14759225,0.15229006
811,0.1083541,0.04498436,0.04444175,0.2769355,0.31302813,0.21225615
812,0.051280323,0.09255969,0.2599065,0.018352969,0.10289031,0.47501025
813,0.30197597,0.07294847,0.06534792,0.023743667,0.29778963,0.23819435
814,0.20266967,0.18017226,0.1273703,0.1506,0.29799074,0.041197058
815,0.23543148,0.10542033,0.20989263,0.26826182,0.11501777,0.06597597
816,0.029359931,0.08358612,0.062193036,0.33373535,0.23531234,0.2558132
817,0.20071132,0.21376891,0.21405534,0.24902914,0.0787883,0.043646906
818,0.026734276,0.14038718,0.30705336,0.046360135,0.3451303,0.13433479
819,0.24600382,0.06471755,0.033732895,0.28463703,0.31703126,0.05387743
820,0.08282092,0.055924132,0.17853893,0.37449184,0.18500185,0.12322237
821,0.07847755,0.112377666,0.11942389,0.30145952,0.14722979,0.24103157
822,0.23893102,0.16368364,0.13073005,0.024710154,0.28828046,0.15366465
823,0.1966675,0.17085345,0.17191647,0.11484004,0.16517399,0.18054855
824,0.16014425,0.1542815,0.1322156,0.04159146,0.25198933,0.25977787
825,0.2544328,0.22002466,0.029281028,0.06484004,0.38394594,0.04747555
826,0.085460745,0.2510543,0.09437611,0.1266427,0.4078339,0.03463229
827,0.060877007,0.27678472,0.35135293,0.045926493,0.08518412,0.17987473
828,0.14213307,0.18001692,0.19199072,0.19102208,0.09026881,0.20456845
829,0.17630838,0.33581257,0.04585508,0.056056466,0.2949967,0.090970755
830,0.07515342,0.21778522,0.21263738,0.21553792,0.20788832,0.070997745
831,0.0927574,0.3294995,0.27108252,0.12810995,0.13157044,0.04698017
832,0.22363801,0.104774326,0.25089076,0.26301166,0.12343683,0.034248408
833,0.04774377,0.1228256,0.17498533,0.30244765,0.12282118,0.22917648
834,0.065706514,0.23565494,0.1356905,0.18837078,0.22921471,0.14536257
835,0.14897335,0.21655214,0.08517373,0.03890231,0.261603,0.24879543
836,0.0566183,0.32487223,0.09878603,0.24383359,0.20295273,0.07293714
837,0.16096015,0.06955829,0.15728645,0.03333054,0.3917743,0.18709022
838,0.036508307,0.24607806,0.31969216,0.09053632,0.16762967,0.1395555
839,0.063010216,0.31667072,0.31135032,0.061387833,0.17608954,0.07149135
840,0.19169469,0.09596526,0.19737934,0.039384533,0.3000295,0.17554672
841,0.024711391,0.15501708,0.04648331,0.284964,0.22769158,0.2611327
842,0.20796634,0.2341017,0.08031506,0.14143555,0.15008663,0.18609472
843,0.21795559,0.047190025,0.21153635,0.08846373,0.17706065,0.25779366
844,0.07767445,0.1100834,0.2257384,0.22859903,0.22574408,0.13216066
845,0.16536994,0.18343218,0.07319662,0.22223018,0.19978707,0.155984
846,0.058255393,0.17734522,0.11036327,0.29134986,0.07503047,0.2876558
847,0.05550797,0.24488318,0.28413826,0.17327905,0.16419779,0.07799377
848,0.17321245,0.047593225,0.073767684,0.12594737,0.37014112,0.20933814
849,0.10969702,0.21110034,0.109747864,0.15400797,0.17532575,0.24012105
850,0.024267932,0.04000856,0.13966633,0.15519394,0.07169438,0.56916887
851,0.19657528,0.19750683,0.04099615,0.051765,0.24828504,0.26487172
852,0.17417277,0.06839477,0.13385008,0.22905856,0.2623318,0.13219197
853,0.14014722,0.04406302,0.11442686,0.32924405,0.14696951,0.22514935
854,0.19266032,0.089271344,0.055670742,0.22885191,0.2558406,0.17770506
855,0.21500976,0.13915145,0.22061586,0.07677502,0.15604958,0.1923983
856,0.018167933,0.030563543,0.3539034,0.31051823,0.03711618,0.24973072
857,0.23067565,0.23682046,0.0549178,0.22010534,0.19979043,0.05769031
858,0.049707513,0.26892832,0.14386594,0.20921786,0.06470314,0.2635772
859,0.2190017,0.23376761,0.06383287,0.06263522,0.21823645,0.20252617
860,0.3361764,0.20489371,0.21051757,0.08534464,0.083646715,0.079420984
861,0.02671172,0.09625813,0.15042357,0.2606258,0.42548338,0.040497392
862,0.111737855,0.096175544,0.087029465,0.27907023,0.114771895,0.311215
863,0.20051025,0.1790611,0.032723617,0.16031468,0.15294594,0.27444446
864,0.024732525,0.2845403,0.10289363,0.0510806,0.23489742,0.30185553
865,0.055506628,0.22582859,0.15701747,0.22385405,0.23535429,0.102438994
866,0.025660574,0.12011594,0.16560997,0.21331102,0.23952031,0.2357822
867,0.08355031,0.23688321,0.13681275,0.19795962,0.17250776,0.17228639
868,0.16184211,0.20596427,0.22268505,0.28876862,0.07604647,0.0446935
869,0.09208742,0.142954,0.28154454,0.064361565,0.1188288,0.30022362
870,0.16902275,0.086874925,0.17546071,0.20710538,0.17627244,0.1852638
871,0.25940117,0.06508539,0.21156293,0.033708304,0.18167652,0.24856572
872,0.21302743,0.14754075,0.035177276,0.061623115,0.36854902,0.1740824
873,0.22782622,0.20035899,0.093605936,0.13052984,0.23147948,0.116199546
874,0.17544009,0.2543076,0.048913404,0.19691138,0.114285044,0.21014251
875,0.4472823,0.09167022,0.16900392,0.08584545,0.14458467,0.06161337
876,0.040345885,0.22810228,0.13779128,0.2938431,0.093426265,0.20649119
877,0.19764872,0.17363705,0.3128098,0.19251877,0.03733898,0.08604672
878,0.07627698,0.16290177,0.042561073,0.15748371,0.31293473,0.24784172
879,0.16307117,0.06534196,0.17405415,0.1217468,0.25741538,0.21837051
880,0.07548423,0.15256943,0.14243154,0.19684923,0.27579674,0.1568688
881,0.2674419,0.29841653,0.16866839,0.07036222,0.15110433,0.0440066
882,0.111962,0.22907631,0.17172517,0.11703423,0.19549489,0.17470741
883,0.12784119,0.11224409,0.16898638,0.25699517,0.273573,0.060360122
884,0.025919626,0.16670191,0.3113977,0.035888363,0.40824297,0.0518494
885,0.2252505,0.27443483,0.14767344,0.0700218,0.055512432,0.227107
886,0.22792645,0.28100035,0.12814677,0.06279692,0.09737197,0.20275754
887,0.02397844,0.28744778,0.022452557,0.07539974,0.25208545,0.33863607
888,0.03071996,0.26510936,0.20176856,0.20523107,0.26626062,0.030910404
889,0.32828543,0.3366454,0.055030156,0.15112223,0.08175035,0.047166407
890,0.031467143,0.06801117,0.039304927,0.21531458,0.53639346,0.109508716
891,0.05334727,0.18623106,0.07081076,0.114191145,0.39450923,0.18091059
892,0.021860324,0.17734146,0.044901546,0.22835661,0.42747244,0.10006765
893,0.07675169,0.1963346,0.18607384,0.2172695,0.19786906,0.1257013
894,0.18884324,0.18546598,0.18999088,0.081127144,0.15464824,0.19992453
895,0.021163804,0.2093724,0.2321416,0.22971761,0.20911945,0.098485135
896,0.16344848,0.2075072,0.15073574,0.09758341,0.18495269,0.19577242
897,0.15645364,0.19065635,0.15936412,0.21391053,0.09729465,0.18232071
898,0.26467338,0.09949354,0.025423363,0.34516,0.18734778,0.077901915
899,0.18679702,0.23286267,0.20294833,0.042497814,0.07307612,0.26181805
900,0.31458688,0.0699657,0.25729024,0.035041615,0.043450102,0.27966544
901,0.20114142,0.039572407,0.3321071,0.23541552,0.10115975,0.090603806
902,0.096962035,0.23102377,0.091742665,0.15318953,0.1874743,0.23960769
903,0.037043605,0.08693191,0.13688388,0.20685543,0.2575502,0.27473494
904,0.16908966,0.18053997,0.03416111,0.1034864,0.28302822,0.22969468
905,0.34205604,0.03223013,0.054107565,0.0867792,0.03818585,0.4466412
906,0.036810946,0.055594638,0.12670538,0.25133547,0.34177962,0.18777399
907,0.119272046,0.18502402,0.19224136,0.20567788,0.102924876,0.19485979
908,0.14399685,0.22995752,0.17232007,0.14557925,0.050607923,0.25753838
909,0.028567178,0.33086476,0.18751085,0.3888701,0.031914562,0.0322726
910,0.07901019,0.3625692,0.11479143,0.13444233,0.06793517,0.24125163
911,0.19538617,0.2175364,0.056371946,0.36641192,0.10138982,0.062903725
912,0.04539029,0.3651302,0.13226439,0.15471531,0.24814707,0.05435275
913,0.01803985,0.28010097,0.29563805,0.044505436,0.286424,0.07529167
914,0.15175067,0.3248625,0.19381003,0.1463955,0.046889644,0.13629168
915,0.219827,0.25820205,0.093087494,0.16129553,0.0748513,0.19273669
916,0.15697788,0.2788534,0.036611397,0.02552276,0.26812482,0.23390979
917,0.31351653,0.08054977,0.056520175,0.28554228,0.051633283,0.21223794
918,0.08905057,0.3083033,0.09309778,0.21825188,0.1068252,0.18447123
919,0.23629212,0.22061582,0.11869901,0.046410203,0.1957856,0.18219723
920,0.27808166,0.36690536,0.08089211,0.08802122,0.13131003,0.054789614
921,0.049827974,0.09953496,0.2480545,0.19315134,0.3027335,0.10669774
922,0.151044,0.15412243,0.26656136,0.10389781,0.060211334,0.26416305
923,0.20333184,0.14356494,0.2120583,0.26750514,0.059390754,0.11414901
924,0.06032717,0.2907319,0.26610538,0.10404465,0.25138763,0.027403252
925,0.14964668,0.25899228,0.033681884,0.054427985,0.42398152,0.079269625
926,0.24009623,0.14296897,0.220255,0.18779702,0.08079099,0.12809181
927,0.059900757,0.064338036,0.39995155,0.029729992,0.11792141,0.32815823
928,0.04429442,0.27486464,0.24309702,0.30453193,0.051446617,0.08176535
929,0.19510408,0.06635297,0.081962615,0.035867155,0.31664374,0.3040694
930,0.15454385,0.14823,0.20122015,0.31834692,0.052023306,0.12563574
931,0.05104028,0.15491666,0.103537716,0.29097864,0.24638212,0.1531446
932,0.23736185,0.2349351,0.22135015,0.14529057,0.0873998,0.0736625
933,0.06397829,0.13016264,0.2806184,0.23002283,0.029560076,0.26565775
934,0.050869074,0.21227187,0.16470805,0.19959582,0.20316477,0.16939037
935,0.041365664,0.07017777,0.17764969,0.23680018,0.11889374,0.35511294
936,0.028853225,0.14871807,0.18739863,0.3430276,0.24180968,0.05019279
937,0.09308195,0.1043453,0.20389128,0.1111364,0.28322384,0.20432127
938,0.13945211,0.23323633,0.2235414,0.31668076,0.03120023,0.055889163
939,0.04241776,0.05373128,0.061301667,0.049551323,0.3652724,0.42772558
940,0.12282669,0.1373902,0.18207808,0.10926659,0.24983585,0.19860257
941,0.17366345,0.26262164,0.21336198,0.092546694,0.101068325,0.15673791
942,0.029136056,0.16419168,0.26976073,0.21467876,0.25113663,0.071096174
943,0.22799654,0.2567791,0.16458271,0.20379038,0.1168137,0.030037558
944,0.21447654,0.09496946,0.20252393,0.070759214,0.18536682,0.23190399
945,0.07658079,0.048139542,0.18122125,0.24422966,0.24754848,0.20228022
946,0.03561976,0.304557,0.090399384,0.09075638,0.13149066,0.3471768
947,0.16074522,0.038860954,0.051076025,0.19491015,0.27960172,0.27480587
948,0.16426708,0.17715158,0.099285424,0.27720693,0.031241113,0.25084785
949,0.2283594,0.20575993,0.26669714,0.20861478,0.049518783,0.04105003
950,0.2933934,0.08335426,0.12561066,0.034047663,0.4010258,0.06256819
951,0.05044524,0.2607969,0.03607209,0.27425465,0.17760302,0.20082812
952,0.18375993,0.21733789,0.198977,0.15107523,0.1767043,0.07214566
953,0.18219142,0.091284096,0.22357686,0.06561154,0.21092965,0.22640647
954,0.18022247,0.20559311,0.11659933,0.048321765,0.21642429,0.2328391
955,0.04463387,0.11227801,0.21868797,0.20298831,0.31878898,0.10262289
956,0.18672168,0.17607193,0.05618812,0.23013423,0.16358311,0.18730097
957,0.07600855,0.07298768,0.16408838,0.059297483,0.55882865,0.06878921
958,0.3367181,0.24406116,0.26130643,0.0377237,0.080552034,0.03963855
959,0.09014567,0.15432127,0.21908773,0.09882444,0.22019637,0.21742447
960,0.056984454,0.19488011,0.08796046,0.16012238,0.193007,0.30704558
961,0.18098553,0.07859091,0.23968638,0.08211896,0.14165278,0.2769654
962,0.25275648,0.123478234,0.06695069,0.20771702,0.088681795,0.2604158
963,0.2691826,0.11785529,0.06772587,0.28214496,0.17535496,0.08773628
964,0.13301907,0.20813966,0.1683244,0.18437101,0.05965869,0.24648716
965,0.02301333,0.03936514,0.1195742,0.5217943,0.2200559,0.076197155
966,0.06410391,0.25534266,0.14636885,0.26313108,0.17008497,0.10096854
967,0.118498474,0.23408419,0.1542219,0.2376916,0.12133708,0.13416679
968,0.21149357,0.21329452,0.18081371,0.22417705,0.05961937,0.11060176
969,0.14808682,0.22003663,0.045713592,0.23722284,0.28754762,0.061392535
970,0.12764765,0.2724714,0.033911984,0.29249454,0.10689041,0.166584
971,0.060181007,0.083304554,0.14169316,0.26119104,0.31047353,0.14315672
972,0.030485004,0.2281322,0.055989712,0.27702248,0.21992254,0.18844803
973,0.16382137,0.139095,0.12500012,0.37608683,0.050893005,0.14510366
974,0.21379958,0.15647526,0.25978088,0.20525725,0.13610895,0.028578006
975,0.07639804,0.13435435,0.15820712,0.20301767,0.31411353,0.11390928
976,0.08941335,0.16030042,0.1751554,0.122038424,0.23488092,0.21821146
977,0.16503824,0.041452665,0.035868656,0.29249576,0.17853852,0.28660616
978,0.20430572,0.056279734,0.036297157,0.21181537,0.24792494,0.24337709
979,0.03529198,0.2025371,0.11144408,0.20530705,0.24330167,0.20211814
980,0.12005743,0.20582832,0.20354564,0.24521996,0.10943145,0.115917146
981,0.25063443,0.03209805,0.122855484,0.39836326,0.13067509,0.065373726
982,0.13546087,0.12479249,0.05811019,0.22104502,0.22280006,0.23779134
983,0.3100097,0.111108564,0.15773094,0.035208993,0.20389862,0.18204321
984,0.14174022,0.30395773,0.17805,0.08848136,0.107872486,0.17989819
985,0.08843032,0.041286808,0.090475835,0.31850746,0.243434,0.21786559
986,0.35829386,0.043970108,0.122122645,0.18841042,0.22987282,0.05733013
987,0.19248874,0.26455918,0.20889719,0.046611268,0.22895695,0.05848665
988,0.29341152,0.17804994,0.115650594,0.021122001,0.35431743,0.03744851
989,0.035798006,0.14347298,0.09964198,0.19012761,0.13647957,0.39447987
990,0.2107505,0.061690915,0.23998253,0.19651307,0.26313338,0.027929569
991,0.023340149,0.15912442,0.031697027,0.2630516,0.1525654,0.37022138
992,0.14870983,0.33496606,0.09264174,0.26044187,0.055190306,0.10805016
993,0.2011646,0.07975531,0.23945649,0.32149997,0.043513954,0.11460965
994,0.14756933,0.1295149,0.21305086,0.054764476,0.24169101,0.21340944
995,0.018544229,0.115484506,0.13934259,0.5136504,0.11162901,0.10134924
996,0.14224535,0.12922537,0.15278889,0.27355766,0.1734895,0.12869322
997,0.19349875,0.045142148,0.1129387,0.24767782,0.2564064,0.14433616
998,0.16980673,0.09841927,0.18799967,0.29533735,0.14120567,0.10723125
999,0.017433774,0.16047205,0.2416935,0.08724377,0.16282554,0.33033136
