,VA,AV,BA,FI,HS,IM
0,0.11435853,0.13813773,0.07947183,0.47765806,0.10319195,0.08718192
1,0.0507652,0.17117916,0.12562878,0.09168417,0.30536702,0.25537565
2,0.11257138,0.13207352,0.19036599,0.20875973,0.15513946,0.20108993
3,0.22090742,0.15700659,0.18664871,0.10266982,0.2790459,0.053721525
4,0.14924477,0.38374847,0.14946838,0.112127885,0.08456642,0.120844044
5,0.065848984,0.2691222,0.148825,0.16797689,0.086360924,0.261866
6,0.16087388,0.1803117,0.06364988,0.29795295,0.19820212,0.09900947
7,0.093103416,0.20547415,0.18231627,0.23421508,0.05569187,0.22919914
8,0.0631118,0.13972671,0.23264271,0.053249583,0.32383746,0.18743172
9,0.11526837,0.16327481,0.30729613,0.25647408,0.09616563,0.061521
10,0.19790266,0.34159407,0.076145925,0.17408323,0.06384234,0.14643179
11,0.13891707,0.14500679,0.10505866,0.26500326,0.09639977,0.24961448
12,0.071830064,0.1250997,0.25548592,0.24108507,0.13806027,0.16843894
13,0.112738594,0.06051486,0.07016917,0.33162358,0.17709522,0.24785854
14,0.09334975,0.21384957,0.2535565,0.05062174,0.24519877,0.14342365
15,0.13832855,0.2591453,0.075743385,0.36919916,0.09481625,0.062767416
16,0.24685974,0.15102546,0.12699977,0.1684121,0.2402394,0.066463485
17,0.16764513,0.24435534,0.16638337,0.07529957,0.08776161,0.258555
18,0.06118453,0.17647374,0.20909579,0.29508284,0.086921886,0.17124127
19,0.11703891,0.29753065,0.10234491,0.18931177,0.20932989,0.08444388
20,0.19666025,0.19175157,0.17418545,0.23280494,0.12511788,0.07947991
21,0.14914419,0.15017445,0.092625394,0.29201996,0.07150636,0.2445297
22,0.28425625,0.1734531,0.14602064,0.13108544,0.21324667,0.051937874
23,0.110523775,0.2163037,0.16721816,0.09426786,0.2505145,0.16117202
24,0.11342115,0.07417085,0.509708,0.063557684,0.09761037,0.14153199
25,0.28653798,0.36212912,0.07306583,0.0693498,0.085239515,0.12367779
26,0.112990044,0.30361116,0.10826815,0.19809845,0.16234869,0.11468351
27,0.12207586,0.08726604,0.18628465,0.16222827,0.056258664,0.3858865
28,0.34437814,0.16033876,0.113664895,0.099066004,0.21363612,0.068916135
29,0.06447788,0.17757788,0.15971343,0.124031894,0.3468385,0.12736045
30,0.07366448,0.14927404,0.11802128,0.16417502,0.30371198,0.19115323
31,0.14357278,0.15923046,0.3471142,0.067021415,0.19919768,0.08386345
32,0.060918245,0.17914248,0.2143088,0.11788272,0.31164885,0.116098955
33,0.12303903,0.14322576,0.086644,0.18380788,0.2531318,0.21015155
34,0.15906104,0.18202846,0.19416177,0.072110094,0.09033446,0.30230415
35,0.18560441,0.07543891,0.3191916,0.17197463,0.04001732,0.20777315
36,0.09641376,0.20237574,0.20670304,0.17727642,0.2668292,0.050401837
37,0.23704998,0.08494694,0.07871828,0.19065747,0.09236826,0.31625906
38,0.21563347,0.06671722,0.0971885,0.2700917,0.22629756,0.12407154
39,0.20887177,0.29692578,0.062261824,0.2336685,0.14228882,0.05598328
40,0.080357574,0.24129505,0.06271776,0.19989744,0.19207573,0.22365649
41,0.07375227,0.16074684,0.1615491,0.11483645,0.21989574,0.26921955
42,0.2926148,0.16503038,0.21582152,0.08905685,0.079942025,0.15753442
43,0.109622404,0.21139392,0.13710552,0.2499693,0.111921474,0.17998737
44,0.22835533,0.15665953,0.09140596,0.098400876,0.28153205,0.14364623
45,0.05012113,0.31993264,0.12437476,0.22589351,0.11988794,0.15979007
46,0.25817,0.09048027,0.1528384,0.23816027,0.122496836,0.13785417
47,0.111563504,0.09578547,0.17886408,0.23437299,0.32807657,0.051337406
48,0.1306314,0.34731075,0.094220296,0.048160955,0.23805118,0.14162536
49,0.09133126,0.28436807,0.08670955,0.25654793,0.1571409,0.12390229
50,0.1505735,0.18659715,0.07075656,0.2790584,0.06198899,0.25102547
51,0.057444256,0.3202016,0.18870965,0.066022865,0.2609881,0.10663362
52,0.17452759,0.19511394,0.060349535,0.16553628,0.21632916,0.18814352
53,0.17322144,0.19453846,0.15167987,0.11000615,0.2708688,0.09968524
54,0.17042214,0.16904964,0.2544518,0.18152905,0.089208566,0.13533875
55,0.09294653,0.1069259,0.3110851,0.19640775,0.14531337,0.14732136
56,0.20315826,0.120873414,0.10979485,0.05649283,0.23986009,0.26982057
57,0.08024397,0.09333333,0.26278308,0.105633825,0.20521317,0.25279266
58,0.17088,0.08761351,0.15376727,0.2752357,0.11835501,0.19414847
59,0.05870389,0.19653273,0.24355593,0.054584492,0.23978275,0.20684025
60,0.29266575,0.14575733,0.11479227,0.226565,0.09565024,0.124569364
61,0.06087857,0.2503143,0.11541675,0.09969474,0.24856995,0.22512564
62,0.11400441,0.053177785,0.24666202,0.051446855,0.09314666,0.4415622
63,0.07394708,0.29861447,0.10258452,0.27738035,0.106626324,0.14084722
64,0.066318735,0.13567667,0.4824698,0.058954787,0.09048829,0.16609165
65,0.18249317,0.1648186,0.08255136,0.3648135,0.11045484,0.09486849
66,0.13700208,0.122281134,0.19568717,0.17019835,0.17034839,0.20448291
67,0.27255133,0.12097187,0.30547088,0.05374974,0.13140932,0.11584691
68,0.21019086,0.32737675,0.12128542,0.17659336,0.09256834,0.07198523
69,0.0635898,0.2262794,0.2417923,0.19657741,0.1615123,0.110248804
70,0.057163123,0.15359452,0.22620422,0.10351213,0.40646046,0.053065598
71,0.10187162,0.22437581,0.14964308,0.36375877,0.08195402,0.078396685
72,0.078343265,0.13124934,0.2477435,0.20902996,0.10029288,0.23334111
73,0.2949446,0.085568495,0.27239582,0.0993913,0.17516248,0.07253727
74,0.16364126,0.15971823,0.19202445,0.26817954,0.07171424,0.14472227
75,0.18337038,0.113118894,0.09792764,0.064399965,0.38262683,0.15855636
76,0.17502135,0.069681324,0.21229385,0.06633586,0.1139104,0.36275724
77,0.16419059,0.10036335,0.13586272,0.3571426,0.18290034,0.059540454
78,0.071403936,0.11151701,0.102511436,0.3793383,0.23876095,0.096468374
79,0.30470353,0.41877958,0.059432086,0.0825122,0.08271758,0.05185502
80,0.063514926,0.13677736,0.18291578,0.30297092,0.06503662,0.24878442
81,0.08586459,0.08601699,0.24010321,0.15933296,0.24388261,0.18479967
82,0.17887059,0.18303207,0.060701985,0.08844519,0.08276815,0.40618205
83,0.10813072,0.0979017,0.16310306,0.17016949,0.06343113,0.39726382
84,0.21739484,0.20846342,0.22563244,0.17823327,0.07069628,0.09957981
85,0.103368424,0.10418021,0.07049767,0.23530948,0.24937788,0.2372663
86,0.15566361,0.13576145,0.2660257,0.17788948,0.045962926,0.21869686
87,0.052308477,0.17023502,0.09032419,0.16876866,0.24822703,0.2701366
88,0.06914033,0.210054,0.2928855,0.24083695,0.12580204,0.061281197
89,0.21631624,0.11695665,0.050210346,0.16728917,0.29463333,0.15459432
90,0.18689686,0.26015827,0.11597816,0.30100182,0.07426242,0.061702512
91,0.15658031,0.31996474,0.11592636,0.06793243,0.23357713,0.10601902
92,0.30921787,0.12748036,0.11730096,0.17155333,0.12362492,0.15082254
93,0.18647385,0.06178054,0.12387952,0.1671703,0.13013172,0.33056417
94,0.10999045,0.29674226,0.09010957,0.08321366,0.123705834,0.29623827
95,0.07820538,0.2352979,0.27092442,0.045844764,0.19088571,0.17884187
96,0.06961699,0.08302725,0.35532704,0.050874613,0.10860968,0.33254442
97,0.07392437,0.15959139,0.39353842,0.052018184,0.2728617,0.048065946
98,0.19440812,0.2021185,0.13244447,0.2616752,0.07504907,0.1343046
99,0.068866946,0.19441964,0.1383869,0.15500142,0.27247903,0.17084605
100,0.11619614,0.22372049,0.08921722,0.23049957,0.2929645,0.0474021
101,0.1508179,0.09302631,0.26776907,0.2863011,0.06547792,0.1366077
102,0.12700249,0.20184556,0.1675127,0.23003644,0.19560456,0.07799824
103,0.1667841,0.10917419,0.23783177,0.25765422,0.11445961,0.11409612
104,0.2391973,0.2508534,0.10031906,0.09495299,0.23126903,0.083408214
105,0.15441717,0.078553475,0.31417912,0.11750629,0.08509501,0.25024894
106,0.19298981,0.1797773,0.1790051,0.20680042,0.13132943,0.11009788
107,0.24591433,0.08544578,0.068475485,0.05999216,0.16781288,0.3723594
108,0.14742514,0.11638187,0.19260249,0.1142034,0.17292632,0.2564608
109,0.20909147,0.20668131,0.3024978,0.05710935,0.056282643,0.16833745
110,0.09373016,0.13865955,0.22274281,0.21718422,0.052338876,0.2753444
111,0.21559519,0.17336139,0.21249828,0.25813752,0.07871388,0.061693784
112,0.057819594,0.2191313,0.17783996,0.06539269,0.3341075,0.1457089
113,0.076281205,0.15639496,0.17217332,0.29940307,0.048088837,0.24765861
114,0.12400833,0.07531031,0.18787116,0.29872787,0.081764124,0.23231824
115,0.089589424,0.09709432,0.2357562,0.28032663,0.24696763,0.050265796
116,0.08226021,0.15500295,0.31393874,0.09015287,0.24272518,0.11592009
117,0.16791624,0.19768015,0.07938332,0.22746359,0.18949652,0.13806015
118,0.16928862,0.14253414,0.11227798,0.2757678,0.13393785,0.1661937
119,0.19776396,0.07634824,0.12488091,0.2870615,0.19048676,0.123458594
120,0.06339958,0.28387013,0.14886653,0.25178763,0.075109616,0.17696644
121,0.27392805,0.2040517,0.0947823,0.09292464,0.0641133,0.27020007
122,0.29500836,0.10435473,0.11242753,0.3024439,0.06789482,0.11787062
123,0.11283435,0.12514965,0.14470302,0.122993946,0.299815,0.1945041
124,0.121532135,0.06287984,0.1260435,0.3036091,0.07627278,0.3096627
125,0.0662389,0.20571573,0.35617432,0.06943913,0.2442689,0.05816299
126,0.21323682,0.13063386,0.20044802,0.11431715,0.23919429,0.1021699
127,0.15598544,0.2144888,0.10789312,0.19466335,0.102890104,0.22407915
128,0.08117141,0.29795754,0.0737714,0.06266314,0.2325316,0.25190493
129,0.056383055,0.1894041,0.20491773,0.110842936,0.3967878,0.041664395
130,0.14024098,0.08687196,0.14468798,0.29772902,0.1843311,0.14613892
131,0.11718599,0.10702279,0.17064944,0.2850829,0.21447851,0.10558035
132,0.052178275,0.23310935,0.25259975,0.1672688,0.09052099,0.20432289
133,0.05924721,0.16073105,0.13610588,0.22013001,0.14244108,0.2813448
134,0.22785756,0.12985028,0.06662262,0.073869996,0.29664096,0.20515856
135,0.09385337,0.27769604,0.060011175,0.27893892,0.06829408,0.22120647
136,0.22598913,0.12381903,0.10738636,0.22768652,0.07845933,0.23665966
137,0.1824042,0.2588833,0.13647217,0.10094838,0.10499995,0.21629198
138,0.30927378,0.09810787,0.1378731,0.17366618,0.11267336,0.16840574
139,0.19246833,0.16574489,0.17734787,0.12787278,0.27477747,0.06178867
140,0.24370126,0.15588705,0.0944661,0.29632586,0.15631159,0.053308193
141,0.07254542,0.38604102,0.15473908,0.08802234,0.17178145,0.12687066
142,0.17263108,0.23388484,0.1483352,0.12123884,0.2824985,0.04141152
143,0.07483568,0.25683576,0.17880943,0.15625612,0.26231277,0.070950195
144,0.19842099,0.25203803,0.10776934,0.20662525,0.13537362,0.099772766
145,0.29120275,0.11443843,0.25013652,0.1109077,0.1174797,0.115834884
146,0.12187267,0.17234072,0.09185069,0.1375648,0.19880357,0.2775676
147,0.09659027,0.25819486,0.16421233,0.20430991,0.07303171,0.20366092
148,0.11705763,0.15241794,0.18457495,0.26780108,0.21107925,0.06706918
149,0.080790296,0.1554518,0.27613395,0.060399953,0.29339796,0.13382608
150,0.30885422,0.20806718,0.061625157,0.08019213,0.2615445,0.0797168
151,0.11009062,0.16111277,0.28276494,0.15511003,0.24662142,0.044300288
152,0.14257236,0.24316677,0.057263378,0.27601936,0.10240779,0.17857032
153,0.062691316,0.43913582,0.08724859,0.08520358,0.17319514,0.15252562
154,0.12690349,0.29682183,0.16878715,0.1583581,0.19459388,0.054535557
155,0.15402928,0.16511145,0.23686244,0.109852664,0.08427045,0.24987367
156,0.28513575,0.117943145,0.318574,0.059767757,0.11794495,0.10063436
157,0.15664248,0.103600346,0.1886531,0.06270952,0.25859094,0.22980358
158,0.058117144,0.21543859,0.07078298,0.19878405,0.29937598,0.15750125
159,0.15311468,0.12679765,0.23295361,0.27055016,0.14426872,0.07231523
160,0.15386105,0.105459474,0.07960083,0.058256935,0.32563347,0.27718824
161,0.1105983,0.091593996,0.08206164,0.14788555,0.3071762,0.2606843
162,0.08075603,0.18871972,0.051419795,0.124975495,0.3620413,0.1920877
163,0.17667402,0.26362336,0.061870106,0.1877866,0.2471587,0.06288717
164,0.17532773,0.07881555,0.076341085,0.09537466,0.37586677,0.1982742
165,0.055190984,0.2699142,0.13215533,0.16745044,0.2478873,0.12740177
166,0.08648253,0.15549791,0.18265204,0.09897407,0.23792283,0.23847055
167,0.052898824,0.14568737,0.22254947,0.19998421,0.20222059,0.17665952
168,0.16340093,0.24266438,0.24379472,0.10788012,0.05803516,0.18422472
169,0.1152278,0.20917107,0.093160175,0.12074435,0.20485236,0.25684425
170,0.11192433,0.2583816,0.16450062,0.12412887,0.28156674,0.05949781
171,0.05315719,0.10637377,0.12279034,0.19769461,0.19784294,0.32214114
172,0.1447763,0.23831281,0.15882373,0.102997154,0.294432,0.06065797
173,0.09927255,0.06910269,0.14449812,0.1369857,0.2335004,0.3166405
174,0.3604129,0.097719006,0.079580665,0.055175364,0.11418049,0.2929316
175,0.11948681,0.109358795,0.08765677,0.37800464,0.058973946,0.24651901
176,0.20209566,0.13689508,0.08514813,0.10024271,0.32699123,0.14862725
177,0.09706379,0.25362372,0.1213132,0.19003098,0.2630528,0.07491557
178,0.08570762,0.17095712,0.0678367,0.12288618,0.37191588,0.18069649
179,0.06390529,0.20257509,0.23017925,0.1945887,0.2616386,0.047112994
180,0.14445317,0.2129497,0.1942349,0.30839515,0.07126383,0.068703234
181,0.25073385,0.24345416,0.086225,0.10290824,0.19277197,0.123906784
182,0.102647975,0.19200899,0.18433294,0.083325975,0.18370917,0.25397494
183,0.13911806,0.10459081,0.24559925,0.05236622,0.2722673,0.18605836
184,0.15269622,0.05659232,0.11195747,0.24475901,0.18472002,0.24927497
185,0.07096816,0.31382412,0.2633053,0.0664642,0.21801543,0.067422785
186,0.111933604,0.18970324,0.26871866,0.24878126,0.12265711,0.058206134
187,0.13917725,0.106626615,0.1364912,0.2404907,0.23375963,0.1434546
188,0.15939867,0.18736067,0.08314884,0.14775495,0.2405426,0.18179424
189,0.18309358,0.07924857,0.23453231,0.18756239,0.16803694,0.14752623
190,0.16880879,0.28270838,0.18535483,0.050190028,0.10708782,0.20585015
191,0.11120775,0.30509657,0.05245348,0.17055841,0.10906763,0.25161618
192,0.20939764,0.11289122,0.057506707,0.1864658,0.28096655,0.1527721
193,0.20950212,0.10049484,0.20774494,0.071863785,0.3730202,0.03737411
194,0.17600702,0.15071653,0.18637453,0.23974794,0.065974854,0.1811792
195,0.09206482,0.19266154,0.19377832,0.19281782,0.29314193,0.03553559
196,0.10606774,0.26559627,0.10841746,0.25385132,0.20092578,0.06514147
197,0.13548581,0.20569117,0.10530504,0.26547775,0.103604406,0.18443581
198,0.07970655,0.085465565,0.13301468,0.35864308,0.2779232,0.06524693
199,0.108547166,0.069080725,0.052806526,0.20183545,0.29748395,0.27024618
200,0.22143866,0.2685104,0.12448143,0.2425436,0.06922694,0.073798954
201,0.1699294,0.24627271,0.17032157,0.11475403,0.07885628,0.21986601
202,0.15099287,0.14898026,0.25660428,0.15941131,0.24302413,0.040987123
203,0.07174308,0.11627528,0.11164836,0.20648398,0.27943993,0.21440938
204,0.16209568,0.2718697,0.21674475,0.05766159,0.08007912,0.21154916
205,0.12810242,0.27385244,0.31783083,0.043409895,0.14560261,0.091201894
206,0.25836337,0.34589437,0.064214975,0.19356063,0.06330534,0.07466135
207,0.22857933,0.07229383,0.09819548,0.3645409,0.18052478,0.055865694
208,0.060337435,0.24052966,0.07043605,0.13657446,0.30008718,0.19203523
209,0.17830715,0.16467695,0.1936527,0.21876033,0.07955434,0.16504847
210,0.113661624,0.169375,0.232983,0.18089235,0.24308445,0.06000361
211,0.09591591,0.11127514,0.18965966,0.24508736,0.15549015,0.2025718
212,0.12785947,0.12156602,0.23854382,0.07689375,0.20716938,0.2279675
213,0.25514445,0.18789838,0.09696828,0.06834313,0.10434433,0.28730136
214,0.19533968,0.30381754,0.08666648,0.20482385,0.07575245,0.13360003
215,0.22566225,0.101880446,0.3825571,0.12943065,0.058216747,0.10225275
216,0.08414711,0.08939889,0.2232792,0.3124402,0.07886059,0.21187407
217,0.1832764,0.1088035,0.13388126,0.08549282,0.2428504,0.2456956
218,0.121181235,0.09564023,0.23093663,0.15862492,0.2225924,0.17102458
219,0.24594317,0.103306144,0.1830359,0.18961912,0.15694751,0.12114822
220,0.08811896,0.0819851,0.1671444,0.40096545,0.051823407,0.2099627
221,0.32021675,0.101149954,0.057723112,0.3477758,0.10393721,0.0691972
222,0.0889527,0.087782174,0.10710592,0.32740787,0.24958877,0.13916254
223,0.055415913,0.14550762,0.14058591,0.05083145,0.47565264,0.13200642
224,0.18122067,0.3112498,0.26247635,0.04889181,0.07630751,0.11985379
225,0.16138606,0.0880061,0.20192297,0.22905658,0.07461888,0.24500936
226,0.3170198,0.09240032,0.30064958,0.075859785,0.042366505,0.17170402
227,0.08545009,0.36498666,0.18154044,0.07010208,0.20245506,0.09546574
228,0.12464006,0.16286203,0.24457438,0.21437265,0.19819054,0.05536028
229,0.10182648,0.12365232,0.3483378,0.069234006,0.17373458,0.18321478
230,0.10763416,0.06372916,0.41414747,0.074081436,0.060672652,0.27973512
231,0.3840228,0.09570452,0.21369764,0.062668264,0.052345563,0.19156119
232,0.16445966,0.22346917,0.08734733,0.2958619,0.1213393,0.107522726
233,0.17539261,0.25553814,0.22169133,0.06686793,0.21130805,0.06920194
234,0.19988717,0.11738521,0.08780558,0.21330656,0.29507625,0.086539276
235,0.40864632,0.12860884,0.06560365,0.15172818,0.118923895,0.12648919
236,0.20496054,0.1057504,0.24544519,0.1263201,0.2017243,0.1157994
237,0.107285626,0.12167098,0.09622656,0.39682066,0.21407643,0.06391971
238,0.18999274,0.09667785,0.3127529,0.06722738,0.0957119,0.2376372
239,0.0661547,0.26309946,0.2267092,0.2520895,0.09759932,0.09434778
240,0.06838223,0.14697714,0.1630581,0.18937595,0.05689816,0.37530842
241,0.15342024,0.0741517,0.3138788,0.22216514,0.1481656,0.08821851
242,0.17416115,0.17172241,0.13243257,0.064297326,0.218436,0.2389505
243,0.10069478,0.2633898,0.066587836,0.15646699,0.12924758,0.28361294
244,0.13899454,0.15186366,0.0760938,0.14121413,0.3030857,0.18874821
245,0.24278675,0.09052139,0.0707771,0.23898178,0.2724411,0.084491864
246,0.06664807,0.17086272,0.21361634,0.06483767,0.19926196,0.28477326
247,0.098581605,0.30472884,0.06458159,0.27392498,0.11383349,0.14434956
248,0.10379234,0.24519242,0.13960366,0.064224675,0.3339631,0.11322377
249,0.091093205,0.2591615,0.3561367,0.13686293,0.07080652,0.085939184
250,0.1844051,0.08166812,0.1328343,0.17236018,0.17102808,0.25770423
251,0.083747014,0.30116758,0.08844556,0.20429368,0.16468865,0.15765752
252,0.18556839,0.24018194,0.14763357,0.21702649,0.1582655,0.051324178
253,0.087545805,0.09196237,0.2280383,0.20785545,0.28232524,0.10227282
254,0.22282635,0.07550672,0.38880995,0.07943094,0.17231242,0.0611137
255,0.06234108,0.111618176,0.0449806,0.24070863,0.15090333,0.38944826
256,0.0942239,0.31886443,0.103620306,0.26087633,0.13070837,0.091706604
257,0.18231463,0.091056384,0.1876529,0.35409188,0.052618388,0.1322658
258,0.21444787,0.25142318,0.077517994,0.1425677,0.27128544,0.042757835
259,0.19341874,0.28901735,0.08163611,0.16654533,0.1398067,0.12957576
260,0.18891732,0.1606801,0.11796072,0.3223371,0.08771287,0.12239187
261,0.12255183,0.34449077,0.24535584,0.09800008,0.12682128,0.062780224
262,0.22300863,0.14089909,0.11928826,0.27499515,0.1026622,0.13914664
263,0.1711346,0.2513574,0.05912234,0.3087378,0.098875426,0.11077235
264,0.16850105,0.10502889,0.21898438,0.25387198,0.065427914,0.1881858
265,0.5560887,0.09069527,0.06548904,0.09556991,0.06136015,0.13079695
266,0.1592621,0.3142712,0.05852507,0.268641,0.0759125,0.12338804
267,0.21882042,0.14042178,0.3443448,0.09820291,0.101732366,0.096477754
268,0.22172108,0.08481235,0.21445282,0.119094305,0.19939575,0.16052376
269,0.115923524,0.27244958,0.21143286,0.13661143,0.15586425,0.10771841
270,0.11194123,0.33857727,0.11009795,0.121271744,0.1558661,0.16224574
271,0.20222776,0.21319838,0.18602617,0.08445491,0.26553005,0.048562754
272,0.19092825,0.25624695,0.08873667,0.13111736,0.10132334,0.23164742
273,0.1957449,0.08743136,0.22230454,0.2687676,0.09716054,0.12859106
274,0.07708763,0.16544238,0.25969326,0.17491603,0.24400571,0.07885501
275,0.09131432,0.16404657,0.18768479,0.3949836,0.06889991,0.09307086
276,0.22936225,0.07602968,0.23083925,0.18264465,0.2175127,0.06361147
277,0.16840947,0.10781151,0.11089067,0.18922958,0.1246953,0.2989635
278,0.13930672,0.17854607,0.15965462,0.16716218,0.10917167,0.24615876
279,0.08483974,0.105646685,0.11273154,0.3886922,0.05131444,0.2567754
280,0.22785024,0.08961569,0.2729483,0.2436817,0.078633144,0.08727091
281,0.07584681,0.33014455,0.08101192,0.053678457,0.2512029,0.20811535
282,0.2058112,0.0680695,0.21052246,0.05219778,0.31645572,0.14694329
283,0.18232243,0.11939702,0.11413623,0.103023775,0.4063156,0.07480499
284,0.22616424,0.15415148,0.18987311,0.1497365,0.21193478,0.06813988
285,0.19038634,0.2550158,0.06646537,0.1948891,0.07160484,0.22163858
286,0.1379267,0.1619796,0.121402144,0.0933179,0.29492408,0.19044957
287,0.13440849,0.13533816,0.11104489,0.09085354,0.19609998,0.33225495
288,0.118181914,0.14099517,0.16489145,0.1569324,0.08326648,0.33573255
289,0.16656478,0.130438,0.3391228,0.23666222,0.06051645,0.06669572
290,0.2521394,0.1499331,0.30133072,0.06279826,0.18067555,0.053123005
291,0.18379058,0.11280681,0.235849,0.16133864,0.092837386,0.21337764
292,0.09375429,0.25346342,0.08939736,0.34051794,0.14079371,0.08207332
293,0.12661612,0.21481699,0.15885961,0.35505483,0.07020785,0.07444452
294,0.2322381,0.16756378,0.10820916,0.07540154,0.38297233,0.03361513
295,0.05431289,0.17930855,0.25599253,0.1035911,0.22423291,0.18256198
296,0.063120514,0.1030469,0.2608579,0.1034529,0.22932455,0.24019726
297,0.092923574,0.21798672,0.08378477,0.07302056,0.20102498,0.3312594
298,0.13568637,0.066439904,0.2702012,0.21233407,0.26210645,0.05323195
299,0.21044129,0.09873067,0.12123291,0.26172066,0.16644835,0.14142616
300,0.16872078,0.24215975,0.07970984,0.07883512,0.11558701,0.31498748
301,0.3100829,0.2553717,0.17407002,0.08832045,0.073448405,0.09870655
302,0.1019906,0.12833376,0.24678448,0.19318417,0.24227932,0.087427646
303,0.19334424,0.098839104,0.3262252,0.056535345,0.18568975,0.13936639
304,0.33219108,0.19444071,0.094377145,0.059383593,0.14517336,0.17443408
305,0.13514812,0.16756229,0.21661781,0.047978036,0.3539215,0.07877223
306,0.09826659,0.2443944,0.27320862,0.11377364,0.07872453,0.19163223
307,0.24450658,0.13443567,0.17930138,0.10739596,0.222293,0.11206742
308,0.17738569,0.15996899,0.1175945,0.25525132,0.16337301,0.12642653
309,0.08640351,0.19127093,0.13431264,0.17676829,0.21284322,0.19840133
310,0.08951183,0.07230774,0.1439593,0.32086283,0.053862717,0.31949556
311,0.23092452,0.08337926,0.16582836,0.1433202,0.088805944,0.28774172
312,0.2174322,0.16845912,0.23533309,0.21282968,0.07984351,0.086102426
313,0.16027197,0.14512306,0.10083684,0.066834226,0.32247663,0.20445724
314,0.2030702,0.15939593,0.25924426,0.2002016,0.12057976,0.057508197
315,0.19627497,0.26186314,0.066175684,0.058265958,0.19772291,0.2196973
316,0.0575422,0.18487522,0.22851115,0.11582273,0.20029071,0.21295793
317,0.0966549,0.06107905,0.083410874,0.2838597,0.05245462,0.4225408
318,0.05324844,0.2049631,0.10750881,0.1233935,0.25063846,0.26024774
319,0.2083388,0.09215353,0.24414998,0.27658063,0.07585668,0.10292041
320,0.32961264,0.22307162,0.05822622,0.22125986,0.09655472,0.07127495
321,0.27597058,0.20844102,0.15321483,0.19214012,0.05831991,0.111913525
322,0.19743481,0.070186034,0.15690297,0.1513514,0.20871852,0.21540633
323,0.28450334,0.18082936,0.096493624,0.09761604,0.12237345,0.21818425
324,0.24226569,0.11991611,0.28506556,0.11174973,0.1888106,0.0521923
325,0.07957303,0.29878798,0.10221076,0.18399596,0.24489944,0.090532824
326,0.06739159,0.32343864,0.17234161,0.24883518,0.058995277,0.12899773
327,0.13046241,0.11270833,0.05627876,0.32049036,0.25395408,0.12610602
328,0.16205156,0.20860301,0.16411045,0.22206809,0.15783569,0.08533123
329,0.1273992,0.095938355,0.101123154,0.11231346,0.28496638,0.27825946
330,0.21590821,0.15615156,0.103980914,0.15335296,0.080681704,0.2899246
331,0.06663566,0.34541598,0.087505095,0.12537986,0.21797922,0.15708424
332,0.15076742,0.094930656,0.057866227,0.2882225,0.12192677,0.28628644
333,0.17512617,0.1898028,0.06251253,0.22457829,0.17249532,0.1754849
334,0.21079072,0.093424775,0.19580567,0.33737934,0.078090794,0.08450869
335,0.078390524,0.2498689,0.1609512,0.056026537,0.19307135,0.26169148
336,0.11140118,0.11613723,0.10201238,0.3092719,0.26594988,0.09522738
337,0.118317544,0.09212222,0.33212033,0.05063387,0.06721231,0.3395937
338,0.074031085,0.09400656,0.20646365,0.22256678,0.1935226,0.20940934
339,0.14700936,0.16593759,0.28808162,0.24343607,0.10815212,0.047383238
340,0.066391096,0.11385829,0.17863691,0.13561144,0.22999474,0.2755075
341,0.06984872,0.21482627,0.13927345,0.1269251,0.20132801,0.24779849
342,0.087711334,0.2935889,0.08525629,0.23712201,0.068968125,0.2273534
343,0.06796199,0.26668748,0.22900926,0.26816088,0.07380251,0.094377905
344,0.15644032,0.1474008,0.071297616,0.42046255,0.14985591,0.054542866
345,0.3172719,0.06770146,0.12396555,0.084235,0.35174525,0.055080853
346,0.07302935,0.2135957,0.2619986,0.08907147,0.110309035,0.25199583
347,0.05725524,0.29414913,0.15063702,0.099243686,0.35038307,0.04833185
348,0.12814008,0.080280155,0.0643004,0.37582958,0.2545241,0.09692569
349,0.14864682,0.055306397,0.17881139,0.18767957,0.17913924,0.25041658
350,0.18479985,0.16565941,0.08599645,0.29937744,0.066956006,0.19721083
351,0.0932003,0.06408232,0.21575376,0.22354949,0.060602706,0.34281144
352,0.111035824,0.15102461,0.2636382,0.22947331,0.12765868,0.11716935
353,0.16972305,0.24995004,0.12697071,0.0531858,0.23777603,0.16239436
354,0.058285315,0.20658763,0.12569343,0.3038018,0.23503193,0.070599936
355,0.15288799,0.18968274,0.0964375,0.31727803,0.14239663,0.101317145
356,0.33693796,0.17846122,0.066559054,0.11465925,0.23333433,0.07004821
357,0.36600155,0.13695809,0.093709566,0.054397512,0.14761813,0.20131516
358,0.0684878,0.21975896,0.057048887,0.07899724,0.22992794,0.34577915
359,0.117828235,0.20001224,0.25947714,0.058382735,0.22991742,0.13438228
360,0.2702309,0.18592894,0.083547644,0.2233621,0.19576149,0.041168887
361,0.067828305,0.09027912,0.24369201,0.28606686,0.17834377,0.13378993
362,0.21469988,0.16862443,0.08260915,0.25859332,0.22552978,0.04994351
363,0.15499337,0.21468,0.26763055,0.07158752,0.093699284,0.19740929
364,0.09815566,0.17993754,0.23650499,0.06346104,0.3539545,0.06798627
365,0.06732965,0.2991423,0.13969679,0.18658297,0.16290192,0.14434636
366,0.16482727,0.09517423,0.17305484,0.20982954,0.04134931,0.31576478
367,0.2059155,0.0874849,0.26583222,0.06970163,0.2920311,0.07903462
368,0.101279646,0.07140325,0.07121822,0.07075175,0.30904943,0.37629768
369,0.2151734,0.21603069,0.13626473,0.21508315,0.16051905,0.056928985
370,0.13918942,0.41078678,0.0544237,0.1353903,0.17790993,0.08229983
371,0.29298848,0.19887511,0.09238906,0.13689199,0.07036468,0.20849067
372,0.060569614,0.13156211,0.39927405,0.18201935,0.03958112,0.18699376
373,0.16183068,0.1567792,0.2909988,0.12578692,0.21964496,0.044959452
374,0.16038106,0.14715926,0.1071588,0.25783536,0.17435072,0.15311486
375,0.08108992,0.20635746,0.24707237,0.12792398,0.21030651,0.12724975
376,0.064954095,0.13899624,0.19460309,0.034176804,0.51388234,0.05338739
377,0.07140998,0.21307382,0.14290226,0.11297918,0.1939725,0.26566222
378,0.20578255,0.07010002,0.16571712,0.20779786,0.24786514,0.102737345
379,0.1898052,0.23100735,0.16033268,0.03994029,0.22942387,0.14949064
380,0.0958754,0.2159568,0.062449895,0.34018934,0.14950348,0.13602512
381,0.056675736,0.43479484,0.13116993,0.1067147,0.06903357,0.20161127
382,0.06458502,0.18840551,0.055437535,0.19187869,0.17467302,0.32502022
383,0.20673034,0.10533892,0.1459536,0.07015703,0.23538549,0.23643468
384,0.21455984,0.084697016,0.29781246,0.15563549,0.13274193,0.11455326
385,0.23183498,0.25420848,0.06399374,0.07110137,0.22278206,0.15607949
386,0.17044325,0.13791959,0.081514366,0.20174071,0.23181534,0.17656673
387,0.10072064,0.14363672,0.095761284,0.19702132,0.2086693,0.25419074
388,0.050801266,0.1149896,0.07631405,0.18097253,0.44177985,0.13514267
389,0.10074611,0.13315189,0.10258583,0.19400498,0.26190323,0.20760795
390,0.08046647,0.085950114,0.13773681,0.05794578,0.36717215,0.27072868
391,0.099826455,0.2121848,0.2881676,0.07854537,0.25573072,0.06554503
392,0.08542705,0.32739362,0.15583159,0.09666459,0.1515312,0.18315192
393,0.2563784,0.08371996,0.13518324,0.17997016,0.2583821,0.086366095
394,0.2015332,0.17689936,0.17592525,0.29588312,0.07580383,0.073955216
395,0.21198559,0.22030063,0.16102459,0.22725506,0.07269302,0.106741086
396,0.11185595,0.15326326,0.06093122,0.18280911,0.21175158,0.2793889
397,0.106484175,0.22045799,0.16373876,0.2756638,0.05969949,0.17395586
398,0.06795068,0.20813952,0.2776732,0.22946726,0.097378425,0.11939089
399,0.12353492,0.12780781,0.25722685,0.22520281,0.059447803,0.20677981
400,0.24947365,0.18793033,0.10582423,0.21556176,0.06982034,0.17138965
401,0.08344068,0.17066172,0.26267546,0.06491412,0.13426828,0.28403974
402,0.14003325,0.11571388,0.23978117,0.15386997,0.11140544,0.23919629
403,0.26984897,0.07709877,0.22994722,0.14193316,0.118012734,0.1631591
404,0.15150285,0.10112209,0.0829478,0.06567247,0.31950158,0.27925318
405,0.08105317,0.12410812,0.34400755,0.22018589,0.17598672,0.054658577
406,0.10635167,0.28447786,0.12891741,0.19201688,0.113104165,0.17513199
407,0.0951364,0.25811115,0.13544339,0.07114075,0.07334588,0.36682248
408,0.19231719,0.117242,0.27519074,0.21547276,0.14719354,0.052583717
409,0.23126236,0.22723752,0.1675138,0.08357596,0.14490941,0.14550093
410,0.20901893,0.20271623,0.31758294,0.11162477,0.09990718,0.059150003
411,0.0969637,0.25406295,0.29219583,0.16238992,0.13647814,0.057909444
412,0.064250715,0.09940366,0.07564195,0.10306677,0.052162852,0.60547405
413,0.1013018,0.12552209,0.07845977,0.06833055,0.5879994,0.03838634
414,0.10316902,0.22614712,0.055202287,0.20729195,0.060543712,0.34764594
415,0.18348439,0.31047705,0.27007592,0.0743038,0.09248741,0.069171466
416,0.12421411,0.07008073,0.13451739,0.06814242,0.14643845,0.45660698
417,0.0845915,0.16602312,0.22697054,0.18480845,0.11457534,0.22303109
418,0.19286512,0.13656746,0.054971024,0.17213002,0.30726296,0.13620341
419,0.1940131,0.18798187,0.1294136,0.05024949,0.099868715,0.33847317
420,0.15971099,0.0792057,0.17029208,0.31904855,0.06860509,0.20313762
421,0.16438891,0.29135787,0.1280162,0.104505226,0.14455417,0.16717763
422,0.18286473,0.12578726,0.14080706,0.32428408,0.08972527,0.13653158
423,0.2766735,0.31725472,0.059923727,0.06677208,0.07979954,0.19957645
424,0.11022346,0.16833611,0.10924094,0.1585826,0.23194633,0.22167061
425,0.30647948,0.22773735,0.2040343,0.07543985,0.06365157,0.12265753
426,0.22805765,0.13916679,0.07282103,0.1949556,0.17673911,0.18825987
427,0.093918346,0.12835549,0.19958597,0.09718257,0.35757598,0.12338157
428,0.14181368,0.19329439,0.16553895,0.07828623,0.19276331,0.22830339
429,0.06374766,0.11626337,0.25173074,0.16591491,0.054192517,0.34815082
430,0.15116695,0.077665605,0.21939856,0.16426796,0.11275396,0.27474698
431,0.054235827,0.25610018,0.06957629,0.13507369,0.3004403,0.18457371
432,0.13085927,0.22143687,0.07778103,0.24275848,0.25028178,0.07688261
433,0.13861278,0.1559519,0.18438613,0.1372165,0.13590585,0.24792682
434,0.0996033,0.22652166,0.055624645,0.35596594,0.073348045,0.18893637
435,0.11403009,0.20034681,0.2013178,0.073419794,0.34345442,0.067431085
436,0.17000082,0.24074031,0.06502919,0.075681426,0.15866698,0.28988132
437,0.27522135,0.09143722,0.092342235,0.124676324,0.09708493,0.31923792
438,0.17726375,0.12071467,0.08778385,0.32869175,0.09725784,0.18828811
439,0.11187496,0.22523993,0.07638207,0.21933739,0.17831795,0.18884768
440,0.41249365,0.06264335,0.18029337,0.073286474,0.12382727,0.14745584
441,0.10945502,0.12906685,0.21743137,0.075538315,0.25508422,0.21342424
442,0.10930877,0.089232355,0.36809608,0.15849076,0.16107683,0.1137952
443,0.30270866,0.09055195,0.21114649,0.102502026,0.11714648,0.17594433
444,0.21581827,0.26899892,0.09828536,0.21196868,0.05863572,0.146293
445,0.18659207,0.124139406,0.058914427,0.12237391,0.06786591,0.44011417
446,0.15451877,0.1656769,0.103429586,0.21984152,0.11276923,0.24376398
447,0.07627351,0.23494197,0.38987964,0.0764986,0.14480154,0.07760475
448,0.24326177,0.07312311,0.4544799,0.08620332,0.08229552,0.060636453
449,0.06314441,0.2991019,0.12962162,0.15031005,0.23464066,0.12318135
450,0.09142037,0.1357874,0.08994803,0.10524133,0.27674717,0.30085576
451,0.11535715,0.20459527,0.13659409,0.23557629,0.26266462,0.04521261
452,0.11221223,0.15200709,0.10589352,0.19042447,0.16348648,0.2759762
453,0.17350514,0.11982709,0.3368551,0.06679028,0.057741374,0.245281
454,0.10477925,0.13848978,0.09415194,0.23752432,0.29038358,0.13467114
455,0.1848728,0.15743962,0.112983875,0.17695075,0.082018465,0.28573447
456,0.17237021,0.20730436,0.21045947,0.15717122,0.08535324,0.16734147
457,0.09059466,0.16308838,0.1679334,0.1932223,0.23187214,0.15328917
458,0.08253497,0.104902215,0.30348444,0.30500603,0.07904949,0.12502287
459,0.05730609,0.19755998,0.2575676,0.11122576,0.20367537,0.17266522
460,0.08600919,0.1978365,0.22436416,0.18875766,0.20236902,0.1006635
461,0.32162613,0.09452229,0.18512674,0.08184531,0.04885073,0.26802883
462,0.17119667,0.2671938,0.05941817,0.14523353,0.1358223,0.22113556
463,0.17851137,0.15450728,0.2505724,0.10558669,0.16323885,0.14758337
464,0.11691321,0.23038276,0.104037575,0.25521684,0.15759219,0.1358574
465,0.10257725,0.11253805,0.06477489,0.0914723,0.30529404,0.32334352
466,0.20533958,0.06216062,0.22104304,0.16593535,0.1953597,0.15016168
467,0.052741006,0.1689065,0.21999376,0.12448574,0.13284002,0.30103293
468,0.074219406,0.13977717,0.31279746,0.052388526,0.10168545,0.31913206
469,0.14312665,0.08803061,0.048642613,0.17212428,0.3914152,0.15666066
470,0.087629594,0.1333795,0.14249371,0.09696995,0.2648368,0.27469048
471,0.084280916,0.23926935,0.12357417,0.058187608,0.4261851,0.068502866
472,0.31275526,0.0942308,0.062457275,0.31881937,0.1593636,0.052373696
473,0.10034219,0.16707352,0.2244087,0.05526674,0.22202322,0.23088564
474,0.17910174,0.2052087,0.09193287,0.16594268,0.12255599,0.23525801
475,0.119031005,0.35197112,0.076143235,0.22448689,0.06772964,0.16063814
476,0.19726169,0.14221899,0.20519087,0.1584737,0.2456534,0.051201407
477,0.055047277,0.061344206,0.06550386,0.23141901,0.23653819,0.3501475
478,0.09341904,0.32536483,0.0840937,0.16778792,0.22907613,0.100258395
479,0.19438185,0.08480759,0.07978975,0.37921208,0.1806349,0.08117383
480,0.058148492,0.26916817,0.10709335,0.22348963,0.18482442,0.15727596
481,0.0811921,0.30875623,0.14442511,0.12323575,0.10686986,0.23552093
482,0.23679878,0.0918808,0.21189286,0.12671636,0.21860942,0.11410181
483,0.16779816,0.09534396,0.24597165,0.29958025,0.09565241,0.09565356
484,0.12645677,0.102464534,0.2454772,0.24313688,0.16637821,0.11608637
485,0.11119923,0.18270622,0.2773347,0.19984587,0.08548326,0.14343077
486,0.21924667,0.071704425,0.10555551,0.10418744,0.113925844,0.38538006
487,0.133898,0.1237418,0.1706947,0.16384913,0.17749129,0.23032507
488,0.17744577,0.08733199,0.15493369,0.17573024,0.07051561,0.3340427
489,0.2219691,0.3841396,0.059090998,0.11727931,0.065528944,0.15199205
490,0.09829009,0.30179405,0.09062576,0.15757287,0.13448367,0.21723358
491,0.19900604,0.18800391,0.058245655,0.10654089,0.09442943,0.35377404
492,0.11034345,0.189426,0.13482882,0.119549714,0.16400166,0.28185037
493,0.094885156,0.21502724,0.20051114,0.19123733,0.24303551,0.055303656
494,0.2546292,0.124802046,0.11752438,0.2683098,0.17547807,0.0592565
495,0.30801526,0.24157031,0.16472769,0.110291146,0.08883232,0.086563304
496,0.099353835,0.17209214,0.21675621,0.05864825,0.2305494,0.22260013
497,0.22757085,0.18620555,0.21408504,0.050149217,0.08926179,0.23272756
498,0.16609015,0.122305736,0.099879965,0.32066742,0.053906493,0.23715033
499,0.09960842,0.14776719,0.13175647,0.24273354,0.06512773,0.31300667
500,0.20499873,0.11611682,0.059679754,0.3024177,0.07847975,0.23830727
501,0.21936594,0.24425444,0.18209134,0.17019507,0.053378686,0.13071455
502,0.0983894,0.26638418,0.2384466,0.08358602,0.23236106,0.08083271
503,0.20717706,0.27853316,0.13312708,0.14691563,0.15645716,0.0777899
504,0.14379893,0.38427147,0.071802415,0.23995721,0.10114774,0.059022237
505,0.05841757,0.1253228,0.28788048,0.25004765,0.18269333,0.09563815
506,0.06522362,0.24081935,0.19866459,0.073582135,0.22065794,0.20105235
507,0.21358311,0.2553041,0.16784312,0.09182539,0.10277166,0.16867264
508,0.06938637,0.31787556,0.33405668,0.097786635,0.06814552,0.11274919
509,0.05549118,0.109165475,0.36478624,0.2208232,0.065502085,0.18423183
510,0.13966638,0.31910503,0.21675593,0.107543945,0.14005587,0.07687285
511,0.21533544,0.1311028,0.05619924,0.25541297,0.16265571,0.17929377
512,0.24984701,0.17493877,0.3157786,0.058770068,0.067080766,0.13358477
513,0.07546677,0.23837905,0.1792749,0.18553564,0.10114926,0.22019437
514,0.16350771,0.24169843,0.055058174,0.21265002,0.21587892,0.11120669
515,0.17605811,0.27410793,0.17160244,0.20847888,0.08175599,0.08799668
516,0.2163531,0.09057593,0.30942932,0.23579565,0.08770799,0.060138028
517,0.0632368,0.21649584,0.18967111,0.057720426,0.2598189,0.21305695
518,0.045712456,0.21378441,0.21100017,0.06345965,0.15224062,0.31380275
519,0.23342529,0.17986633,0.0659307,0.07830604,0.20897599,0.23349561
520,0.22166377,0.082837,0.09594511,0.27329734,0.058195613,0.26806116
521,0.07608851,0.30350214,0.06049822,0.22418487,0.134179,0.20154728
522,0.11183927,0.1488327,0.051951833,0.41936904,0.13571234,0.13229474
523,0.20742887,0.12976195,0.13792716,0.27638134,0.18800637,0.060494278
524,0.10871417,0.32100776,0.23107973,0.08328789,0.10139877,0.15451169
525,0.13294426,0.14671415,0.12916635,0.24766852,0.08032457,0.26318216
526,0.1495696,0.10034844,0.07887386,0.2877059,0.115897544,0.26760465
527,0.065065935,0.17726415,0.24323441,0.22801116,0.20220198,0.08422243
528,0.06515795,0.060781166,0.12507832,0.19524702,0.27658507,0.27715048
529,0.17037368,0.081748806,0.060482502,0.3322537,0.2963144,0.05882695
530,0.13622011,0.19585283,0.07595976,0.22531126,0.24981551,0.116840556
531,0.18111503,0.08992374,0.1700494,0.2059747,0.058575824,0.29436126
532,0.05412307,0.20343283,0.1969339,0.15019803,0.1785018,0.21681039
533,0.20613821,0.07066746,0.13358867,0.28619903,0.09658352,0.20682311
534,0.06967835,0.08181631,0.23779973,0.284878,0.13480096,0.19102669
535,0.120725535,0.13003874,0.34729218,0.073103935,0.2586129,0.07022668
536,0.074959144,0.15048718,0.22994332,0.08360748,0.254525,0.20647791
537,0.10216673,0.19312097,0.2526451,0.12602532,0.27010995,0.055931933
538,0.10188633,0.08817827,0.10225264,0.07000668,0.2961902,0.34148586
539,0.059939574,0.10512629,0.26149675,0.1186341,0.38728255,0.06752066
540,0.24953263,0.1376007,0.15557712,0.24846299,0.10882018,0.100006305
541,0.16937858,0.084465995,0.065456,0.08643624,0.33433706,0.25992608
542,0.07620935,0.094473265,0.13455297,0.4158938,0.13559204,0.14327858
543,0.2320735,0.0701534,0.19006562,0.06061191,0.2679536,0.179142
544,0.2082734,0.12704185,0.080661096,0.079306334,0.10160072,0.40311658
545,0.16297302,0.08533325,0.17877251,0.27089414,0.2334721,0.068554945
546,0.11976426,0.17081076,0.07342145,0.23362651,0.32116103,0.08121608
547,0.054706197,0.1610771,0.1678129,0.042461388,0.13390653,0.4400359
548,0.16376425,0.33803657,0.09525267,0.07139165,0.25670052,0.074854344
549,0.12539193,0.11484999,0.2951195,0.2557489,0.15659513,0.05229456
550,0.20446986,0.10007518,0.08149562,0.22824119,0.23909993,0.14661822
551,0.16450126,0.08998359,0.1369718,0.20079799,0.103312925,0.30443242
552,0.20379657,0.19732131,0.07135478,0.20480703,0.10915021,0.21357006
553,0.11332625,0.096982054,0.24123013,0.22422448,0.208137,0.116100125
554,0.17769668,0.09004792,0.16920474,0.25174686,0.2163268,0.09497709
555,0.20834704,0.3051135,0.11630572,0.21673767,0.09968017,0.053815894
556,0.06842143,0.11093465,0.04968831,0.10294976,0.25719702,0.41080883
557,0.13455048,0.23463416,0.080622286,0.26325342,0.2157255,0.07121417
558,0.09798996,0.105203144,0.25939807,0.13902453,0.26756647,0.13081779
559,0.13383059,0.24699025,0.15864734,0.11565219,0.21859618,0.12628344
560,0.21353155,0.08397276,0.12904575,0.21370237,0.13361327,0.22613429
561,0.08857239,0.0641147,0.3718339,0.1646929,0.04747985,0.2633063
562,0.09644004,0.22985835,0.11848405,0.22569849,0.1476505,0.18186861
563,0.09226113,0.2629505,0.254967,0.062255338,0.19062409,0.1369419
564,0.20363231,0.17307352,0.077985115,0.27955887,0.082739055,0.1830111
565,0.18030451,0.119920686,0.26576024,0.28686416,0.079302825,0.067847535
566,0.19655193,0.14205343,0.080192976,0.22798745,0.20907156,0.14414264
567,0.0701829,0.19674745,0.26690477,0.20207877,0.1596801,0.10440601
568,0.2913509,0.06315613,0.2840177,0.11301372,0.096929654,0.15153189
569,0.06652833,0.15786952,0.33129242,0.11544379,0.28472358,0.044142358
570,0.1465424,0.19123848,0.14292237,0.12003709,0.13700625,0.26225343
571,0.2663469,0.10491083,0.09773527,0.20865627,0.07293597,0.2494148
572,0.101617955,0.14011276,0.22897346,0.24994613,0.049091022,0.23025878
573,0.16649295,0.07825614,0.18035445,0.279736,0.08644058,0.20871985
574,0.08118143,0.12098157,0.22074202,0.20368141,0.18459098,0.1888226
575,0.09716183,0.18967816,0.09059435,0.19393794,0.19909681,0.22953098
576,0.17017418,0.21125053,0.06902507,0.17097776,0.26054388,0.11802862
577,0.27291766,0.18331125,0.12225899,0.26584733,0.06495954,0.090705164
578,0.05645138,0.20206419,0.103318594,0.14415951,0.27910477,0.21490158
579,0.14256263,0.14116387,0.1366712,0.23305996,0.29219157,0.0543508
580,0.14544055,0.13983883,0.23978181,0.25818035,0.101636566,0.11512188
581,0.17885163,0.13811783,0.22813892,0.19716896,0.1748598,0.082862794
582,0.092477426,0.29989824,0.12689638,0.28973347,0.12081815,0.07017631
583,0.098024435,0.197923,0.046627473,0.07786633,0.32438064,0.25517815
584,0.13505849,0.16781342,0.059284147,0.070146084,0.10043016,0.46726763
585,0.09075474,0.16618456,0.11420891,0.2780182,0.23628311,0.11455046
586,0.09988004,0.1241265,0.06745852,0.2572961,0.17847277,0.2727661
587,0.17108056,0.076325364,0.24096896,0.16097237,0.24480432,0.10584851
588,0.17080033,0.2789437,0.13069117,0.24993482,0.10740688,0.062223077
589,0.14234895,0.14777516,0.05546851,0.25219592,0.24379835,0.15841313
590,0.08328303,0.47848704,0.11020488,0.06123115,0.08856431,0.1782296
591,0.25086018,0.16678824,0.1922636,0.056972805,0.0898821,0.24323305
592,0.23583281,0.20848188,0.20335893,0.079986714,0.20474663,0.06759304
593,0.09011672,0.30940062,0.19765799,0.18601136,0.13308087,0.083732486
594,0.22310364,0.27083552,0.12987694,0.06731487,0.096543364,0.21232565
595,0.06647237,0.17855985,0.057991307,0.26894787,0.27156577,0.15646282
596,0.21947676,0.1777468,0.1703912,0.25771305,0.12782824,0.046843935
597,0.070957646,0.087286636,0.08520873,0.3553146,0.31213778,0.0890946
598,0.17348735,0.10454195,0.11123076,0.28467414,0.24656436,0.07950149
599,0.15520832,0.30309153,0.054364104,0.21938783,0.14193273,0.12601551
600,0.17323317,0.20871466,0.28183353,0.054093566,0.20720923,0.07491582
601,0.06850245,0.18758531,0.101669,0.29914635,0.14067635,0.20242056
602,0.10737557,0.31666932,0.26711082,0.05478663,0.12730609,0.12675166
603,0.11361951,0.12665176,0.06718442,0.27266017,0.2354735,0.18441065
604,0.07103974,0.1463136,0.16014466,0.100931175,0.27016705,0.25140375
605,0.18829393,0.24480765,0.19751365,0.16694723,0.059824966,0.14261262
606,0.1436264,0.22306032,0.1484566,0.06612297,0.3494531,0.06928063
607,0.14163528,0.29485732,0.11752135,0.24851552,0.052135713,0.14533481
608,0.056625396,0.23603103,0.19919826,0.11323037,0.18065353,0.21426144
609,0.06213588,0.28194702,0.07779011,0.25026256,0.22372667,0.10413772
610,0.122311324,0.08222382,0.44552016,0.16936162,0.11145811,0.06912498
611,0.20840213,0.10113083,0.3124208,0.13393958,0.16303118,0.08107544
612,0.1332174,0.27805328,0.28018156,0.16666113,0.07938976,0.062496874
613,0.16494253,0.09441152,0.18796135,0.2766493,0.19757771,0.07845759
614,0.08264909,0.16800138,0.2177982,0.06206153,0.36938527,0.10010461
615,0.11614275,0.07853934,0.13815263,0.14260995,0.24934967,0.27520567
616,0.19068833,0.12193843,0.22091043,0.24446388,0.099218294,0.12278058
617,0.34852758,0.082450636,0.16048878,0.062237304,0.08868182,0.2576139
618,0.18149634,0.1777083,0.06861805,0.17403199,0.23243564,0.16570967
619,0.32474214,0.1930081,0.26681095,0.0648283,0.07352844,0.07708207
620,0.08384253,0.3506526,0.14195974,0.19364333,0.18298122,0.046920598
621,0.06445998,0.2160224,0.18105076,0.19886476,0.10810598,0.23149611
622,0.39293116,0.16954282,0.08638519,0.061535917,0.08085074,0.20875417
623,0.13527022,0.17647596,0.12550901,0.25337806,0.13193907,0.17742765
624,0.24878262,0.18352091,0.25756475,0.09104129,0.075470336,0.1436201
625,0.07444722,0.34309414,0.26525986,0.06933092,0.16836493,0.079502925
626,0.17653546,0.09738325,0.09264741,0.23373874,0.24237117,0.15732396
627,0.17286244,0.10705729,0.1839777,0.15120737,0.13866457,0.2462306
628,0.14384161,0.23122203,0.07300402,0.067397796,0.18814687,0.2963876
629,0.05760742,0.087549545,0.12535861,0.06620711,0.2853019,0.3779755
630,0.066301666,0.27598974,0.06697524,0.055800766,0.12792918,0.40700337
631,0.058761418,0.116870955,0.077430576,0.25445974,0.2809977,0.21147962
632,0.17703487,0.20528725,0.091919325,0.11122793,0.2043414,0.21018918
633,0.24644157,0.2619301,0.07769158,0.2215711,0.123361565,0.069004096
634,0.1686141,0.20350349,0.12616274,0.32623807,0.09913185,0.07634971
635,0.23106904,0.16757225,0.071591675,0.12722488,0.25480974,0.14773239
636,0.23790225,0.12259493,0.2727955,0.22020432,0.05586119,0.0906418
637,0.17065677,0.1137461,0.12802227,0.07540557,0.14470845,0.36746082
638,0.09672263,0.2549901,0.1899229,0.1256417,0.06720073,0.2655219
639,0.20892079,0.27686316,0.05604131,0.082534425,0.32422322,0.051417157
640,0.092674844,0.17664103,0.100049175,0.2463135,0.26725402,0.11706747
641,0.16365768,0.13990465,0.08278854,0.23693,0.19984192,0.17687722
642,0.09625838,0.27290943,0.10357127,0.26209494,0.09032578,0.17484014
643,0.23918276,0.13124897,0.16449492,0.2621825,0.1448096,0.058081243
644,0.09140191,0.29728776,0.046677772,0.2595203,0.12928757,0.17582478
645,0.14175402,0.1321497,0.23930913,0.10567197,0.2541355,0.12697971
646,0.15694198,0.13613322,0.19307177,0.20987314,0.090353325,0.21362658
647,0.2675501,0.16410398,0.22902311,0.15881585,0.120664716,0.059842262
648,0.0642966,0.095007375,0.21486878,0.047238477,0.25260124,0.32598746
649,0.056636564,0.13198389,0.13094133,0.3511247,0.13673942,0.19257407
650,0.059443012,0.15381269,0.22861516,0.2577691,0.18367282,0.11668724
651,0.21052876,0.09973275,0.1711083,0.26705363,0.13717504,0.114401475
652,0.19388837,0.17861952,0.18996549,0.07167037,0.1703343,0.1955219
653,0.12172721,0.42286253,0.0988491,0.059205044,0.1722377,0.12511842
654,0.120368876,0.11403662,0.09239116,0.08182596,0.26203653,0.32934082
655,0.08817537,0.44291267,0.10918678,0.2196631,0.086861454,0.053200673
656,0.16088358,0.26483724,0.18466948,0.06567398,0.06298856,0.26094717
657,0.12486388,0.19333643,0.37158087,0.0490658,0.12904046,0.13211258
658,0.060028847,0.14109704,0.1883296,0.24845406,0.1354487,0.22664179
659,0.057327744,0.18246557,0.079258926,0.23734993,0.28567964,0.15791821
660,0.08433238,0.09787228,0.052515246,0.28091192,0.27643642,0.20793179
661,0.15910862,0.30320138,0.07831501,0.07718228,0.19515637,0.18703634
662,0.061830163,0.10787065,0.26348683,0.23278977,0.040446684,0.29357585
663,0.15843798,0.17173028,0.20554589,0.103652954,0.062846325,0.29778656
664,0.13561171,0.14764324,0.13184857,0.23343438,0.20993061,0.14153151
665,0.07400914,0.31379735,0.053739,0.13528676,0.07023202,0.35293576
666,0.17074136,0.2593419,0.07527078,0.23775059,0.10855332,0.14834204
667,0.10719294,0.17119572,0.08894603,0.11904288,0.26982516,0.24379729
668,0.22861403,0.103090815,0.2303589,0.07557031,0.17205116,0.19031474
669,0.14835787,0.19427535,0.059622508,0.12872066,0.40441924,0.064604364
670,0.07897505,0.18757926,0.2141425,0.28060523,0.07882802,0.1598699
671,0.0610667,0.17912547,0.10022431,0.35054278,0.071061596,0.23797919
672,0.07390565,0.2188749,0.10547751,0.19036847,0.23018076,0.18119273
673,0.125002,0.14491,0.19498609,0.31141773,0.07419997,0.14948428
674,0.121317625,0.095378906,0.15693495,0.110379025,0.27826324,0.2377263
675,0.077188894,0.21053351,0.21913007,0.2258046,0.12853046,0.13881259
676,0.16537687,0.13934731,0.065003864,0.27844054,0.14356498,0.20826645
677,0.12987848,0.15141213,0.09461545,0.1396877,0.42167547,0.06273078
678,0.22890928,0.056261297,0.07563696,0.19362684,0.3935888,0.051976807
679,0.200406,0.2190463,0.33681375,0.049745515,0.08531993,0.10866847
680,0.09155143,0.08895508,0.22728257,0.1720511,0.3785359,0.04162398
681,0.106024735,0.13314211,0.16362746,0.25905472,0.09242072,0.24573027
682,0.054480612,0.1206513,0.13825348,0.06355357,0.28958237,0.33347866
683,0.17125209,0.19451497,0.080163345,0.060010795,0.26848388,0.22557491
684,0.20109208,0.09051391,0.2038435,0.21896374,0.13104671,0.15454003
685,0.23675865,0.20166636,0.06535735,0.29634264,0.07685838,0.12301654
686,0.11732617,0.2898574,0.16837457,0.19779357,0.1328333,0.09381497
687,0.095165,0.50850743,0.06325397,0.17431898,0.09215644,0.06659818
688,0.22426635,0.23282054,0.115387104,0.1370076,0.06013555,0.23038276
689,0.06570581,0.37976524,0.12340559,0.114548296,0.09327101,0.22330408
690,0.16772187,0.088675044,0.11980618,0.13689819,0.17395663,0.31294206
691,0.048709173,0.2930705,0.0807088,0.117084846,0.18809533,0.27233136
692,0.20502016,0.07203352,0.25695747,0.14482106,0.20893267,0.11223513
693,0.13364114,0.14419118,0.16448686,0.22246914,0.072041854,0.26316985
694,0.18367013,0.1908777,0.06729748,0.23903443,0.24808972,0.07103052
695,0.17893125,0.15901595,0.20746182,0.14706846,0.26699623,0.040526327
696,0.12126158,0.10014465,0.12673913,0.27835956,0.27002844,0.10346662
697,0.10233294,0.19595616,0.05233486,0.44216138,0.12513806,0.08207663
698,0.107007556,0.28891355,0.1992584,0.07330986,0.2720611,0.05944958
699,0.24772617,0.122841895,0.26469168,0.13616422,0.064826936,0.16374911
700,0.07198973,0.21851161,0.14028017,0.06596244,0.27398682,0.22926925
701,0.08012439,0.11975612,0.18249427,0.25455055,0.24481818,0.11825649
702,0.14442551,0.29885834,0.115422405,0.08134758,0.0787489,0.28119725
703,0.111612916,0.29671156,0.14654896,0.12851317,0.16064885,0.1559646
704,0.19554912,0.12049774,0.18007497,0.14124402,0.23907761,0.12355652
705,0.085300945,0.15061308,0.078552365,0.22707807,0.29314557,0.16531003
706,0.12987079,0.10041907,0.21230948,0.10423013,0.25461385,0.19855668
707,0.113608696,0.072136484,0.38994494,0.106606536,0.049655575,0.26804775
708,0.18397468,0.2356148,0.07338904,0.09385848,0.20314243,0.21002054
709,0.19749013,0.110941306,0.0727724,0.20189956,0.27977133,0.1371253
710,0.106333464,0.1216598,0.25183448,0.31836483,0.14839756,0.0534099
711,0.056971215,0.17395826,0.15355295,0.079482414,0.15338074,0.3826544
712,0.21041958,0.097064644,0.16782795,0.07038676,0.22735213,0.22694892
713,0.25554082,0.12595136,0.23168957,0.16670579,0.09228644,0.12782599
714,0.07398959,0.14045165,0.09637016,0.36523432,0.050946962,0.27300733
715,0.19763216,0.2981327,0.1140789,0.11283819,0.06781854,0.20949958
716,0.10048551,0.12174492,0.093312114,0.25157574,0.21716014,0.21572158
717,0.18505351,0.20126353,0.23658726,0.22816063,0.09129446,0.057640556
718,0.21900716,0.41725558,0.05111432,0.13106054,0.0615252,0.12003724
719,0.096971296,0.090103276,0.2131319,0.33570915,0.057275034,0.20680936
720,0.22182845,0.12895146,0.1862107,0.31426713,0.078096256,0.07064597
721,0.055491216,0.39249152,0.19811378,0.1127849,0.15005304,0.091065586
722,0.15838517,0.23774204,0.15733732,0.12789157,0.08418243,0.23446141
723,0.107234,0.07953169,0.2103065,0.22710872,0.1461226,0.2296964
724,0.096759886,0.19297929,0.19755822,0.26859295,0.049233057,0.19487655
725,0.082201384,0.20924963,0.13962342,0.30091262,0.16728154,0.1007314
726,0.15466587,0.19042063,0.21029933,0.11064736,0.19627042,0.13769637
727,0.16430527,0.2780446,0.12871853,0.07877382,0.19093463,0.15922318
728,0.26281527,0.23647228,0.08420654,0.18059033,0.13421078,0.10170476
729,0.08401288,0.2314336,0.127635,0.085237876,0.054410633,0.41726995
730,0.047360394,0.28809202,0.14184901,0.08090543,0.124220565,0.31757262
731,0.08001072,0.23759319,0.11683276,0.15389669,0.10582595,0.3058407
732,0.19831389,0.20739344,0.15548648,0.14000674,0.25274593,0.04605357
733,0.12349827,0.16667731,0.121157624,0.18448195,0.17486902,0.22931583
734,0.22203356,0.12638114,0.32652557,0.1662583,0.08583122,0.072970256
735,0.108710185,0.22571583,0.3137857,0.17644088,0.12681869,0.048528712
736,0.23026365,0.20457596,0.16310392,0.052926145,0.2468085,0.10232182
737,0.102000766,0.07729734,0.14844589,0.32158569,0.058325037,0.2923453
738,0.08892634,0.12906599,0.10314863,0.22748785,0.1061173,0.34525394
739,0.19993252,0.16826138,0.124879,0.20365688,0.16742158,0.13584863
740,0.20454392,0.087332144,0.109951116,0.2746894,0.060349863,0.2631336
741,0.06934004,0.19515496,0.08817713,0.088472694,0.42815512,0.13070002
742,0.26693955,0.09883766,0.057925474,0.12752609,0.26827103,0.18050021
743,0.14197405,0.074442916,0.257202,0.2832616,0.15514411,0.087975346
744,0.15430993,0.2946612,0.055381622,0.19124924,0.22305872,0.081339285
745,0.091342695,0.18509951,0.18256629,0.3904341,0.08380748,0.066749915
746,0.2729735,0.12695691,0.064678885,0.08293717,0.11373361,0.33871993
747,0.31313908,0.07919613,0.23744579,0.21277206,0.073950954,0.08349596
748,0.05754805,0.26009098,0.09278169,0.23235504,0.076547176,0.28067708
749,0.14177537,0.12467729,0.22907826,0.04911128,0.2422736,0.2130842
750,0.061266888,0.1807169,0.3008449,0.23168299,0.11284625,0.11264209
751,0.09376229,0.06702524,0.091320634,0.23657906,0.36652416,0.14478852
752,0.10961662,0.17473449,0.18560375,0.11816746,0.2623262,0.14955147
753,0.15061575,0.22758657,0.054310273,0.23044644,0.22802784,0.10901309
754,0.24734184,0.18539757,0.16848768,0.25200906,0.07403265,0.072731145
755,0.08000049,0.14698413,0.18083493,0.19510162,0.19734178,0.19973701
756,0.29694024,0.18982644,0.1562221,0.13414392,0.055081267,0.16778612
757,0.1710628,0.12358738,0.25954744,0.26856035,0.08635963,0.090882406
758,0.25662044,0.06135232,0.10814107,0.087521106,0.05396527,0.4323998
759,0.16384633,0.21035758,0.069025606,0.20269199,0.24667762,0.107400835
760,0.24899909,0.24854684,0.14742272,0.12192875,0.18520097,0.047901556
761,0.06668897,0.2596174,0.12063621,0.11192668,0.3770929,0.06403783
762,0.074327655,0.39897403,0.08130193,0.075237274,0.27592742,0.094231695
763,0.123293445,0.2337775,0.21091838,0.17110984,0.045399845,0.21550103
764,0.21200663,0.11542814,0.29899725,0.20813574,0.06775994,0.09767231
765,0.2116583,0.06054731,0.15192991,0.18588433,0.17808431,0.21189584
766,0.17386258,0.09015927,0.21934147,0.050087385,0.12014611,0.3464032
767,0.24665253,0.123745374,0.14390147,0.1536978,0.293189,0.038813774
768,0.17046595,0.07578488,0.15515645,0.2590075,0.093414396,0.24617088
769,0.1646086,0.2816878,0.05545507,0.13918431,0.31289634,0.046167847
770,0.10847593,0.09560043,0.28097266,0.2715815,0.18642695,0.056942508
771,0.1410707,0.087400384,0.18985535,0.21815977,0.0373969,0.3261169
772,0.06724009,0.19058514,0.21972929,0.07403987,0.185023,0.2633826
773,0.15638587,0.07307042,0.10141894,0.08768683,0.2418522,0.33958572
774,0.21876207,0.07565265,0.3050552,0.23791988,0.08288106,0.079729155
775,0.18198553,0.06416629,0.18994349,0.2100839,0.16536386,0.18845692
776,0.24456103,0.07926481,0.1014478,0.09072035,0.19905575,0.2849503
777,0.12356997,0.24897319,0.04514443,0.362284,0.13167223,0.08835616
778,0.26736474,0.14731103,0.133855,0.22741345,0.08597332,0.13808244
779,0.050427496,0.11734977,0.13318223,0.119582064,0.26468804,0.3147704
780,0.14929533,0.06991834,0.08927787,0.27286264,0.07336594,0.34527984
781,0.108093016,0.389395,0.07961703,0.063328125,0.10576978,0.25379702
782,0.20582765,0.10688269,0.09698502,0.2215277,0.09918625,0.2695907
783,0.17297141,0.10767403,0.31239128,0.11564253,0.16760653,0.123714186
784,0.14275669,0.14719991,0.16407578,0.25783685,0.04930158,0.23882923
785,0.13078706,0.09338449,0.2662916,0.15837047,0.29910734,0.052059006
786,0.08729975,0.080823764,0.16169214,0.20629157,0.2264154,0.23747729
787,0.214048,0.13136896,0.34157994,0.12259196,0.062205844,0.12820533
788,0.06325278,0.11217016,0.06685717,0.08702797,0.2944442,0.3762477
789,0.2157086,0.16793402,0.1123079,0.33428138,0.08835121,0.081416935
790,0.28643727,0.06756683,0.1492087,0.26357836,0.16491792,0.06829084
791,0.16331802,0.122245125,0.18194392,0.054421183,0.23146437,0.2466074
792,0.10208828,0.20578131,0.15386616,0.07145494,0.0622086,0.40460065
793,0.082467176,0.0913558,0.04874707,0.05651591,0.30899045,0.4119236
794,0.22139691,0.06006372,0.09662724,0.23900299,0.11585184,0.26705733
795,0.10513829,0.11491876,0.3361598,0.0990127,0.1742275,0.17054294
796,0.09053859,0.26153788,0.14909391,0.09374116,0.35415238,0.050936136
797,0.055131957,0.093620144,0.0813969,0.13148268,0.26107353,0.37729472
798,0.13047515,0.21567717,0.24683182,0.20115116,0.12733993,0.07852475
799,0.06813051,0.15106414,0.28084272,0.20336625,0.23609859,0.06049778
800,0.18140917,0.19604462,0.14387336,0.05659199,0.2981626,0.123918325
801,0.12771283,0.075537,0.2825416,0.14282858,0.092596,0.27878392
802,0.2367737,0.19468983,0.1574729,0.22959831,0.12085916,0.060606103
803,0.13072266,0.061100416,0.10127967,0.13376088,0.10469636,0.46844
804,0.13814273,0.24606329,0.26777864,0.05442761,0.19442338,0.099164315
805,0.11910375,0.24324518,0.11393968,0.29729703,0.06629856,0.16011587
806,0.13970183,0.15179244,0.09625771,0.18295427,0.09955451,0.3297392
807,0.2004507,0.14720905,0.23757987,0.107312344,0.12638435,0.1810637
808,0.086156346,0.1028584,0.14085306,0.25585213,0.26366985,0.15061025
809,0.30697826,0.086430766,0.18765159,0.047895573,0.15400192,0.21704188
810,0.18945666,0.058900107,0.23530856,0.15984476,0.17891634,0.17757352
811,0.18158042,0.1439114,0.1796932,0.24224785,0.044779047,0.20778811
812,0.22118437,0.20122302,0.23626192,0.045628294,0.14457795,0.15112446
813,0.06968359,0.2869648,0.14330213,0.09183095,0.11242404,0.29579452
814,0.0761618,0.19830751,0.22930689,0.2589684,0.104794234,0.13246118
815,0.16171789,0.23473965,0.048689928,0.35733253,0.09243468,0.10508537
816,0.13328786,0.21359524,0.1709492,0.23570436,0.1070134,0.13944992
817,0.06413452,0.2582832,0.07083404,0.15617159,0.229204,0.22137259
818,0.10220431,0.14653288,0.20798798,0.22686672,0.27593482,0.040473323
819,0.06585012,0.1423729,0.40711135,0.07671707,0.072971135,0.23497745
820,0.21322246,0.17868695,0.053918425,0.12151343,0.22453168,0.2081271
821,0.15075745,0.1296125,0.24860922,0.07321769,0.17975208,0.2180511
822,0.07777608,0.14803118,0.30947408,0.041125495,0.23264216,0.19095099
823,0.21081881,0.20934625,0.053851362,0.18709856,0.15156083,0.18732415
824,0.2291304,0.16626608,0.27056074,0.102773465,0.095057264,0.13621199
825,0.12616017,0.10036572,0.24080016,0.09907505,0.25827813,0.1753208
826,0.12939113,0.091621965,0.11101861,0.295983,0.16019252,0.21179283
827,0.28777677,0.09588568,0.16747421,0.23423043,0.123532906,0.091099955
828,0.14155391,0.06132119,0.05138419,0.2523918,0.3272383,0.16611062
829,0.21906626,0.20631061,0.06131244,0.08546261,0.32818508,0.09966297
830,0.05392637,0.06399656,0.14114451,0.119093366,0.47496474,0.14687446
831,0.1837894,0.14493737,0.25068402,0.055900406,0.26974028,0.09494857
832,0.12657802,0.11346803,0.058388468,0.20439023,0.38677013,0.11040511
833,0.071725436,0.115732566,0.2682568,0.27208415,0.20034209,0.07185895
834,0.08885787,0.14162755,0.2515085,0.27520433,0.1392635,0.103538215
835,0.15389246,0.073064126,0.2409522,0.25543398,0.056887504,0.2197697
836,0.4285334,0.26597023,0.08468867,0.077297114,0.059873123,0.0836374
837,0.19732895,0.071643814,0.11269181,0.2898829,0.0795501,0.24890234
838,0.09055744,0.3172995,0.12513196,0.21243803,0.18947567,0.065097414
839,0.056973502,0.08284273,0.109973595,0.2019758,0.24794944,0.30028492
840,0.20907839,0.120527,0.08636333,0.14404045,0.15663351,0.28335732
841,0.15091407,0.14088538,0.11162972,0.13373996,0.2798102,0.18302062
842,0.24817422,0.11109693,0.086735144,0.11618423,0.29566202,0.14214753
843,0.24696372,0.06929549,0.2517429,0.17758876,0.040653825,0.21375525
844,0.25561866,0.08130019,0.24398534,0.20878318,0.050578233,0.15973443
845,0.12138542,0.23833658,0.2833894,0.05682715,0.12692341,0.17313804
846,0.21225521,0.18871501,0.16403097,0.19198376,0.1286784,0.11433663
847,0.21665435,0.09942275,0.18153904,0.15494362,0.29710323,0.05033694
848,0.13457683,0.06345583,0.13651733,0.25845262,0.1297701,0.2772273
849,0.16317122,0.10579843,0.242662,0.15743753,0.20847362,0.12245711
850,0.07416953,0.045797743,0.10800107,0.109645315,0.23654707,0.4258392
851,0.25631574,0.10434647,0.18484479,0.058019545,0.16551295,0.23096055
852,0.17548901,0.07225355,0.1961308,0.17401762,0.20555624,0.17655274
853,0.053287324,0.19315541,0.11496539,0.22731812,0.2459039,0.16536975
854,0.22748636,0.15416107,0.07226348,0.15565704,0.14638583,0.24404621
855,0.1406782,0.078293115,0.07456928,0.25722873,0.24143356,0.20779717
856,0.1122032,0.10923691,0.056960873,0.104346894,0.30563742,0.3116147
857,0.10347201,0.17279907,0.09054176,0.5062259,0.054867204,0.07209412
858,0.33510417,0.097840145,0.074187055,0.31389716,0.07404842,0.10492307
859,0.15396135,0.14957361,0.18108582,0.20192826,0.057292998,0.256158
860,0.11670445,0.16090992,0.069757074,0.3244248,0.19041976,0.13778402
861,0.10969979,0.09359085,0.27726695,0.14704216,0.04586858,0.32653168
862,0.30205563,0.116051815,0.23398437,0.098114386,0.13937354,0.11042028
863,0.22096519,0.06564384,0.06819836,0.16638146,0.13954347,0.3392677
864,0.056213323,0.19440357,0.24054101,0.19485609,0.14351563,0.17047034
865,0.1597083,0.31962806,0.055955376,0.19909522,0.09054939,0.17506371
866,0.09098042,0.1663686,0.21415605,0.21382204,0.19043931,0.12423363
867,0.068344995,0.11967112,0.23933457,0.19603539,0.070084445,0.30652952
868,0.13739096,0.24087565,0.23808797,0.21945226,0.09987689,0.06431625
869,0.1717287,0.18303014,0.08849886,0.16453496,0.11571979,0.27648756
870,0.06600616,0.13545364,0.13826081,0.19551618,0.25617492,0.20858827
871,0.12007954,0.3193622,0.21720703,0.10071311,0.17850958,0.064128555
872,0.101806454,0.114244595,0.099461816,0.4176081,0.09393453,0.17294452
873,0.22758576,0.051364094,0.16076386,0.22786033,0.13207354,0.20035242
874,0.19551736,0.15684435,0.074612625,0.2704219,0.08923506,0.21336867
875,0.35121626,0.09662006,0.15653627,0.07743564,0.20363905,0.11455266
876,0.2656818,0.08366688,0.28621885,0.08455562,0.22049136,0.059385456
877,0.055294294,0.20992109,0.16024368,0.07023047,0.19774386,0.30656663
878,0.09791508,0.09357171,0.15900296,0.2688845,0.28298315,0.0976426
879,0.17440428,0.16640103,0.27996522,0.07393276,0.13407281,0.17122386
880,0.1606731,0.11617582,0.08947438,0.29393882,0.13198732,0.20775057
881,0.06573363,0.20566343,0.060402606,0.21062465,0.248021,0.20955464
882,0.08652467,0.20259409,0.14817788,0.08317965,0.16227508,0.31724867
883,0.091060765,0.09075928,0.17495216,0.18319306,0.16290227,0.2971325
884,0.20552391,0.09948893,0.06732866,0.100024514,0.27825364,0.24938035
885,0.117106944,0.21293631,0.14804332,0.3019334,0.09503427,0.124945715
886,0.24472736,0.061270908,0.13643125,0.28176212,0.19966452,0.07614382
887,0.18948345,0.13106185,0.061508276,0.19048429,0.24749175,0.17997035
888,0.19855604,0.08531431,0.12548338,0.08587601,0.2974298,0.20734048
889,0.18934867,0.08192312,0.061110392,0.26055974,0.16923505,0.23782296
890,0.41490734,0.055260673,0.20942524,0.118216254,0.14725809,0.054932423
891,0.24266946,0.10334943,0.27749044,0.16169909,0.10537346,0.10941809
892,0.09209135,0.16040237,0.24145024,0.102130845,0.20806617,0.19585901
893,0.100910455,0.086727224,0.17871827,0.28142732,0.17942667,0.17279004
894,0.15814105,0.12387342,0.16654004,0.2874335,0.1754626,0.088549316
895,0.27024287,0.10318058,0.21500559,0.13256317,0.10081352,0.1781943
896,0.096768245,0.21887581,0.177572,0.15415725,0.13303304,0.21959369
897,0.06195552,0.19591764,0.23922922,0.15286773,0.20717686,0.14285299
898,0.109636046,0.15744431,0.26619348,0.08766628,0.25678733,0.12227265
899,0.092179894,0.153643,0.24794655,0.054420803,0.2484148,0.20339487
900,0.07203197,0.24686655,0.15018752,0.24984299,0.09075052,0.19032043
901,0.24842313,0.16668488,0.15904652,0.16445522,0.14182432,0.11956594
902,0.057896093,0.22187532,0.073553324,0.06174708,0.52520746,0.0597207
903,0.1588451,0.1674294,0.3351589,0.19428173,0.06523706,0.07904774
904,0.2519646,0.14386605,0.06497429,0.20731203,0.22965978,0.102223255
905,0.15112066,0.21027024,0.051619492,0.084782675,0.13074702,0.37145993
906,0.06463204,0.17209654,0.15871604,0.16991262,0.29620326,0.13843954
907,0.081228234,0.21048549,0.16951147,0.13414046,0.15145083,0.2531835
908,0.28554934,0.09887449,0.3498458,0.07416344,0.058444686,0.13312224
909,0.059682984,0.18246321,0.20800062,0.12667768,0.3472815,0.07589407
910,0.07210567,0.21673377,0.12912413,0.27556223,0.16972737,0.13674678
911,0.1769106,0.09489803,0.20356344,0.20495716,0.118960775,0.20071001
912,0.15972917,0.18370104,0.3897635,0.05755891,0.11716336,0.09208405
913,0.07286153,0.24466905,0.2739908,0.098626934,0.12784016,0.18201153
914,0.07664169,0.15257391,0.13630666,0.05461792,0.24490528,0.33495453
915,0.06462407,0.21228996,0.14875954,0.15913312,0.15510158,0.26009172
916,0.07990606,0.18870626,0.07606744,0.24659903,0.05213096,0.35659024
917,0.07204966,0.36516625,0.2683334,0.05432191,0.12007045,0.12005827
918,0.15782756,0.0772745,0.24363822,0.08129947,0.3639092,0.07605105
919,0.20883884,0.2331746,0.053847443,0.28567111,0.12644508,0.092022985
920,0.15304446,0.24397609,0.10837934,0.055342775,0.3074355,0.13182184
921,0.05723195,0.18340257,0.3855915,0.15943295,0.046342213,0.16799879
922,0.055478595,0.14895631,0.28545594,0.10853795,0.2236497,0.17792152
923,0.15742378,0.16206074,0.21178941,0.26507643,0.09761958,0.10603009
924,0.13041721,0.14605367,0.0652618,0.10559448,0.18688512,0.36578766
925,0.24211942,0.12277196,0.088202216,0.1550935,0.07629144,0.31552145
926,0.16735676,0.2250375,0.1775185,0.11209574,0.056266468,0.261725
927,0.29614997,0.31397757,0.08428884,0.11043769,0.12094998,0.074195966
928,0.24571519,0.38093632,0.099236645,0.114519574,0.09551092,0.06408142
929,0.13558315,0.22626753,0.17605875,0.08539187,0.06311896,0.31357968
930,0.53402287,0.08669635,0.16466899,0.0804211,0.068684585,0.065506116
931,0.092337124,0.16512012,0.09827249,0.31329966,0.109195136,0.22177547
932,0.25073636,0.20077175,0.06658612,0.08321379,0.06892656,0.3297654
933,0.062429983,0.19554183,0.10551766,0.21885623,0.20374335,0.2139109
934,0.13020872,0.1113991,0.19914034,0.20374265,0.24915291,0.10635633
935,0.0553904,0.3093697,0.10748675,0.088840835,0.08004727,0.35886502
936,0.087873004,0.21113686,0.09281517,0.29929507,0.091336116,0.21754381
937,0.17052843,0.13617404,0.049167644,0.18987493,0.23482102,0.21943398
938,0.26520076,0.25673258,0.06642536,0.13540052,0.18857495,0.08766589
939,0.1561307,0.1392743,0.2144034,0.21080583,0.21928832,0.0600974
940,0.15653609,0.17530565,0.052061774,0.3842691,0.05757048,0.1742569
941,0.05970873,0.11087054,0.17174037,0.20375074,0.16312651,0.29080313
942,0.19284026,0.068532124,0.12357438,0.2766187,0.13118377,0.20725076
943,0.14625035,0.10373282,0.06874641,0.13513882,0.28136435,0.26476726
944,0.1442037,0.18823409,0.32449678,0.050485644,0.19442418,0.09815557
945,0.07726407,0.12782869,0.2149487,0.32088956,0.14429335,0.11477558
946,0.06162743,0.1367258,0.099762574,0.30480194,0.077762,0.31932023
947,0.10028699,0.13361916,0.06179912,0.15888366,0.08661026,0.45880082
948,0.24818958,0.10763744,0.43337896,0.08701142,0.06121159,0.06257102
949,0.12942445,0.07770893,0.2547107,0.09785047,0.3486052,0.091700226
950,0.23808624,0.112302884,0.07892082,0.18107966,0.32635558,0.06325481
951,0.068481274,0.17821711,0.18932654,0.22744477,0.2540093,0.08252104
952,0.11236569,0.3156703,0.12313177,0.067441456,0.13390195,0.24748883
953,0.1845843,0.25341883,0.14123838,0.23832925,0.05903645,0.123392776
954,0.070923135,0.36476618,0.07046736,0.27832815,0.1239844,0.0915308
955,0.21991979,0.077362195,0.23975682,0.18441807,0.16706716,0.11147597
956,0.09414764,0.22827125,0.09038574,0.34260842,0.18999872,0.05458817
957,0.18407232,0.22744918,0.11051581,0.23962538,0.052620683,0.18571664
958,0.051038686,0.2362246,0.07110558,0.06983102,0.37142533,0.20037481
959,0.17803638,0.08499677,0.07334195,0.26583275,0.12910117,0.2686909
960,0.075627185,0.2251065,0.16562915,0.18168364,0.2587456,0.093207866
961,0.0784963,0.17834362,0.12567368,0.22096331,0.32684788,0.06967519
962,0.078565665,0.11280448,0.2878287,0.29621667,0.08881388,0.13577063
963,0.12943494,0.10824368,0.19495673,0.21039861,0.16073576,0.1962303
964,0.14188626,0.14303915,0.10684071,0.28371015,0.28041667,0.044107035
965,0.060373265,0.28019413,0.09240787,0.17415015,0.26689067,0.12598397
966,0.17874834,0.17912845,0.07232846,0.3524693,0.08530001,0.13202547
967,0.19298308,0.14943829,0.06139682,0.28237686,0.14719605,0.16660888
968,0.1827877,0.12289947,0.05335231,0.20658053,0.19620426,0.23817578
969,0.10603182,0.14057817,0.3021875,0.2279121,0.16349055,0.059799854
970,0.22617593,0.06658308,0.19843875,0.15076472,0.3074259,0.05061163
971,0.20739754,0.086233,0.16135763,0.18705247,0.28966716,0.068292275
972,0.08656757,0.21645898,0.16621932,0.33869618,0.075296484,0.116761476
973,0.09024671,0.23709324,0.22043394,0.2094954,0.1509065,0.09182427
974,0.05609434,0.20676096,0.21575136,0.21113914,0.12133914,0.188915
975,0.05803731,0.16745411,0.2564387,0.1983443,0.06690189,0.25282365
976,0.17700988,0.097594514,0.25224772,0.25969115,0.13588184,0.07757497
977,0.14951186,0.10633367,0.37705147,0.046472747,0.26624995,0.054380316
978,0.07791455,0.15128408,0.39231068,0.08213316,0.064097464,0.23226008
979,0.065414205,0.094508104,0.06526701,0.13576585,0.23158117,0.40746364
980,0.12773214,0.21344334,0.10453034,0.06761164,0.27578297,0.2108995
981,0.26102734,0.2193952,0.13741092,0.04802441,0.18122043,0.15292169
982,0.13865615,0.18722011,0.13981342,0.09037335,0.23264425,0.21129267
983,0.2111277,0.11000442,0.074226215,0.1288481,0.26832107,0.20747249
984,0.18977697,0.10934779,0.22396055,0.22848332,0.18841752,0.06001385
985,0.19500318,0.06517007,0.08767889,0.2719658,0.13233964,0.24784246
986,0.26671034,0.07451277,0.0870567,0.059249867,0.14423174,0.36823854
987,0.08097801,0.29179555,0.14519854,0.08955524,0.09603626,0.29643634
988,0.19788778,0.1257106,0.12192068,0.09650208,0.23201849,0.22596042
989,0.48595613,0.12666346,0.06875016,0.07577801,0.17901412,0.06383808
990,0.16958141,0.10930993,0.21335831,0.17273735,0.25556013,0.07945291
991,0.09812415,0.13134412,0.07678441,0.17671616,0.2906008,0.22643036
992,0.06580133,0.18433729,0.29708374,0.24710566,0.11978306,0.08588891
993,0.07617862,0.2554469,0.20608464,0.055466812,0.16344279,0.2433802
994,0.3379991,0.08827479,0.12667195,0.29330522,0.075096525,0.07865235
995,0.11945083,0.118650295,0.19365537,0.28636473,0.0539835,0.22789523
996,0.13368012,0.06856527,0.12942235,0.06815695,0.1487006,0.45147464
997,0.1648163,0.21281244,0.34143472,0.08959227,0.055344433,0.13599981
998,0.120353416,0.119361594,0.1915877,0.20274974,0.14579475,0.2201528
999,0.062328413,0.087035716,0.11576009,0.3460954,0.22694975,0.16183063
